DESCRICAO_UNIDADE;DISTRITOS;CD_DIST
AMA/UBS INTEGRADA AGUA RASA;AGUA_RASA;1
AMA/UBS INTEGRADA VILA ORATORIO - DR. TITO PEDRO MASCELANI;AGUA_RASA;1
CEO II VILA BERTIOGA;AGUA_RASA;1
HOSPITAL DIA MOOCA;AGUA_RASA;1
RESIDENCIA TERAPEUTICA BUTANTA I - MASCULINO;AGUA_RASA;1
RESIDENCIA TERAPEUTICA BUTANTA II - MISTA;AGUA_RASA;1
UBS VILA BERTIOGA - PROF. DOMINGOS DELASCIO;AGUA_RASA;1
CAPS ADULTO III BRASILANDIA;ALTO_DE_PINHEIROS;2
PSM LAPA - PROF. JOAO CATARIN MEZOMO;ALTO_DE_PINHEIROS;2
UBS ALTO DE PINHEIROS;ALTO_DE_PINHEIROS;2
AMA/UBS INTEGRADA PARQUE ANHANGUERA;ANHANGUERA;3
UBS JARDIM ROSINHA;ANHANGUERA;3
UBS MORADA DO SOL;ANHANGUERA;3
UBS MORRO DOCE;ANHANGUERA;3
AMA/UBS INTEGRADA VILA ANTONIETA;ARICANDUVA;4
UBS JARDIM IVA;ARICANDUVA;4
UBS VILA NOVA YORK;ARICANDUVA;4
AMA/UBS INTEGRADA JARDIM NORDESTE - ATE SETEMBRO 2021;ARTUR_ALVIM;5
AMA/UBS INTEGRADA PADRE MANOEL DA NOBREGA;ARTUR_ALVIM;5
CER PARQUE ARTHUR ALVIM;ARTUR_ALVIM;5
UBS ANTONIO ESTEVAO DE CARVALHO;ARTUR_ALVIM;5
UBS ANTONIO PIRES F VILLALOBO;ARTUR_ALVIM;5
UBS JARDIM SAO BENTO;ARTUR_ALVIM;5
UBS PADRE JOSE DE ANCHIETA;ARTUR_ALVIM;5
RESIDENCIA TERAPEUTICA PERDIZES I - MISTA;BARRA_FUNDA;6
RESIDENCIA TERAPEUTICA PERDIZES II - MISTA;BARRA_FUNDA;6
UBS HUMAITA;BELA_VISTA;7
UBS NOSSA SENHORA DO BRASIL - ARMANDO D'ARIENZO;BELA_VISTA;7
CAPS ALCOOL E DROGAS III COMPLEXO PRATES;BELEM;8
UBS BELENZINHO - MARCUS WOLOSKER;BELEM;8
AMA COMPLEXO PRATES;BOM_RETIRO;9
CAPS AD III LEOPOLDINA;BOM_RETIRO;9
SIAT II ARMENIA;BOM_RETIRO;9
UBS BOM RETIRO - DR. OCTAVIO AUGUSTO RODOVALHO;BOM_RETIRO;9
UBS BRAS - DR. MANOEL SALDIVA NETO;BRAS;10
AMA/UBS INTEGRADA JARDIM ELISA MARIA;BRASILANDIA;11
AMA/UBS INTEGRADA JARDIM LADEIRA ROSA;BRASILANDIA;11
AMA/UBS INTEGRADA JARDIM PAULISTANO;BRASILANDIA;11
CAPS ADULTO II ERMELINO MATARAZZO;BRASILANDIA;11
CAPS ALCOOL E DROGAS II MOOCA;BRASILANDIA;11
HOSP DIA DA REDE HORA CERTA BRASILANDIA;BRASILANDIA;11
UBS DR. AUGUSTO LEOPOLDO AYROSA GALVAO;BRASILANDIA;11
UBS JARDIM GUARANI;BRASILANDIA;11
UBS JARDIM ICARAI - BRASILANDIA;BRASILANDIA;11
UBS JARDIM VISTA ALEGRE;BRASILANDIA;11
UBS MARIA CECILIA F. DONNANGELO;BRASILANDIA;11
UBS NOVA ESPERANCA - PAULISTANO II;BRASILANDIA;11
UBS SILMARYA REJANE MARCOLINO DE SOUZA;BRASILANDIA;11
UBS VILA BRASILANDIA;BRASILANDIA;11
UBS VILA PENTEADO - FATIMA DE JESUS VIANA ROSA;BRASILANDIA;11
UBS VILA TEREZINHA;BRASILANDIA;11
AMA JARDIM PERI PERI;BUTANTA;12
CAPS III ALCOOL E DROGAS BUTANTA;BUTANTA;12
CENTRO DE SAUDE ESCOLA BUTANTA - CSE BUTANTA;BUTANTA;12
CEO II BUTANTA;BUTANTA;12
HOSPITAL DIA BUTANTA;BUTANTA;12
PSM BUTANTA - DR CAETANO VIRGILIO NETO;BUTANTA;12
RESIDENCIA TERAPEUTICA ARICANDUVA I - FEMININO;BUTANTA;12
RESIDENCIA TERAPEUTICA ARICANDUVA II - MASCULINO;BUTANTA;12
UBS BUTANTA;BUTANTA;12
UBS CAXINGUI - NANCI ABRANCHES;BUTANTA;12
URSI BUTANTA;BUTANTA;12
AMA JARDIM PERI;CACHOEIRINHA;13
CAPS ALCOOL E DROGAS III SANTANA;CACHOEIRINHA;13
CAPS INFANTO JUVENIL II CASA VERDE CACHOEIRINHA LIMAO;CACHOEIRINHA;13
UBS DRA. ILZA WELTMAN HUTZLER;CACHOEIRINHA;13
UBS JARDIM PERI;CACHOEIRINHA;13
UBS VILA DIONISIA;CACHOEIRINHA;13
UBS VILA DIONISIA II;CACHOEIRINHA;13
UBS CAMBUCI;CAMBUCI;14
UBS JARDIM AEROPORTO - DR MASSAKI UDIHARA;CAMPO_BELO;15
CER III SAPOPEMBA;CAMPO_GRANDE;16
UBS CAMPO GRANDE;CAMPO_GRANDE;16
UBS VILA ARRIETE - DR. DECIO PACHECO PEDROSO;CAMPO_GRANDE;16
HOSPITAL DIA CAMPO LIMPO ;CAMPO_LIMPO;17
UBS JARDIM MARCELO;CAMPO_LIMPO;17
AMA ENGENHEIRO GOULART - DR. JOSE PIRES;CANGAIBA;18
AMA/UBS INTEGRADA CANGAIBA - DR. CARLOS GENTILE DE MELLO;CANGAIBA;18
AMA/UBS INTEGRADA CHACARA CRUZEIRO DO SUL;CANGAIBA;18
AMA/UBS INTEGRADA VILA SILVIA;CANGAIBA;18
CAPS ADULTO II V. MONUMENTO;CANGAIBA;18
UBS ENGENHEIRO GOULART - DR. JOSE PIRES;CANGAIBA;18
UBS JARDIM SANTA MARIA;CANGAIBA;18
AMA CAPAO REDONDO;CAPAO_REDONDO;19
AMA ESPECIALIDADES CAPAO REDONDO;CAPAO_REDONDO;19
AMA/UBS INTEGRADA PARQUE FERNANDA;CAPAO_REDONDO;19
PA MUN JARDIM MACEDONIA;CAPAO_REDONDO;19
UBS JARDIM COMERCIAL;CAPAO_REDONDO;19
UBS JARDIM ELEDY;CAPAO_REDONDO;19
UBS JARDIM GERMANIA;CAPAO_REDONDO;19
UBS JARDIM LAPENNA;CAPAO_REDONDO;19
UBS JARDIM MACEDONIA;CAPAO_REDONDO;19
UBS JARDIM MAGDALENA;CAPAO_REDONDO;19
UBS JARDIM MARACA;CAPAO_REDONDO;19
UBS JARDIM SANTA FE ;CAPAO_REDONDO;19
UBS JARDIM VALQUIRIA;CAPAO_REDONDO;19
UBS LUAR DO SERTAO;CAPAO_REDONDO;19
UBS PARQUE DO ENGENHO II;CAPAO_REDONDO;19
AMA/UBS INTEGRADA VILA CARRAO - DR. ADHEMAR MONTEIRO PACHECO;CARRAO;20
CAPS ADULTO III MANDAQUI;CARRAO;20
CAPS INFANTO JUVENIL III ARICANDUVA;CARRAO;20
CEO II VILA CARRAO;CARRAO;20
UBS VILA NOVA MANCHESTER - DR. ARLINDO GENNARI;CARRAO;20
AMA ESPECIALIDADES PARQUE PERUCHE;CASA_VERDE;21
AMA/UBS INTEGRADA MASSAGISTA MARIO AMERICO;CASA_VERDE;21
CAPS ADULTO III MOOCA;CASA_VERDE;21
UBS CASA VERDE;CASA_VERDE;21
UBS CASA VERDE ALTA;CASA_VERDE;21
UBS PARQUE PERUCHE;CASA_VERDE;21
UBS/AE/CEO DR. WALTER ELIAS;CASA_VERDE;21
AMA ESPECIALIDADES DR. VICENTE OCTAVIO GUIDA - VILA CONSTANCIA ;CIDADE_ADEMAR;22
AMA/UBS INTEGRADA JARDIM MIRIAM - MANOEL SOARES DE OLIVEIRA ;CIDADE_ADEMAR;22
AMA/UBS INTEGRADA VILA IMPERIO ;CIDADE_ADEMAR;22
AMA/UBS INTEGRADA VILA JOANIZA ;CIDADE_ADEMAR;22
AMA/UBS INTEGRADA VILA MISSIONARIA ;CIDADE_ADEMAR;22
ASSISTENCIA DOMICILIAR CIDADE ADEMAR;CIDADE_ADEMAR;22
RESIDENCIA TERAPEUTICA CIDADE ADEMAR I - MISTA;CIDADE_ADEMAR;22
UBS CIDADE JULIA;CIDADE_ADEMAR;22
UBS JARDIM MIRIAM II;CIDADE_ADEMAR;22
UBS JARDIM NITEROI;CIDADE_ADEMAR;22
UBS JARDIM SANTA MARGARIDA;CIDADE_ADEMAR;22
UBS JARDIM SANTA TEREZINHA;CIDADE_ADEMAR;22
UBS JARDIM UMUARAMA;CIDADE_ADEMAR;22
UBS VILA CONSTANCIA - DR VICENTE OCTAVIO GUIDA;CIDADE_ADEMAR;22
UBS VILA IMPERIO II - DRA GILDA TERA TAHIRA;CIDADE_ADEMAR;22
URSI CIDADE ADEMAR;CIDADE_ADEMAR;22
AMA ESPECIALIDADES JARDIM ICARAI;CIDADE_DUTRA;23
AMA/UBS INTEGRADA JARDIM ICARAI - QUINTANA;CIDADE_DUTRA;23
CAPS ALCOOL E DROGAS II SACOMA;CIDADE_DUTRA;23
CAPS INFANTO JUVENIL III CIDADE DUTRA;CIDADE_DUTRA;23
CER II JD CLIPER;CIDADE_DUTRA;23
HOSP DIA DA REDE HORA CERTA CAPELA DO SOCORRO;CIDADE_DUTRA;23
RESIDENCIA TERAPEUTICA CAPELA DO SOCORRO;CIDADE_DUTRA;23
RESIDENCIA TERAPEUTICA CAPELA DO SOCORRO II - MISTA;CIDADE_DUTRA;23
UAD CAPELA DO SOCORRO;CIDADE_DUTRA;23
UBS AUTODROMO DR FAUZER SIMAO ABRAO;CIDADE_DUTRA;23
UBS JARDIM CLIPER;CIDADE_DUTRA;23
UBS JARDIM ORION/GUANHEMBU;CIDADE_DUTRA;23
UBS JARDIM REPUBLICA;CIDADE_DUTRA;23
UBS JORDANOPOLIS;CIDADE_DUTRA;23
UBS SERGIO CHADDAD;CIDADE_DUTRA;23
UBS VILA DA PAZ ;CIDADE_DUTRA;23
URSI CAPELA DO SOCORRO;CIDADE_DUTRA;23
AMA/UBS INTEGRADA CIDADE LIDER I;CIDADE_LIDER;24
AMA/UBS INTEGRADA JARDIM BRASILIA;CIDADE_LIDER;24
AMA/UBS INTEGRADA VILA ITAPEMA;CIDADE_LIDER;24
CAPS INFANTO JUVENIL II CIDADE LIDER;CIDADE_LIDER;24
UBS JARDIM SAO NICOLAU;CIDADE_LIDER;24
UBS JARDIM SAO NORBERTO;CIDADE_LIDER;24
AMA/UBS INTEGRADA FAZENDA DO CARMO;CIDADE_TIRADENTES;25
CAPS ADULTO III SAPOPEMBA;CIDADE_TIRADENTES;25
CAPS INFANTO JUVENIL CIDADE TIRADENTES;CIDADE_TIRADENTES;25
CEO/CER CIDADE TIRADENTES;CIDADE_TIRADENTES;25
PA GLORIA RODRIGUES SANTOS BONFIM;CIDADE_TIRADENTES;25
RESIDENCIA TERAPEUTICA CIDADE TIRADENTES - MASCULINA;CIDADE_TIRADENTES;25
UBS BARRO BRANCO;CIDADE_TIRADENTES;25
UBS CARLOS GENTILE DE MELO;CIDADE_TIRADENTES;25
UBS CASTRO ALVES ;CIDADE_TIRADENTES;25
UBS CIDADE TIRADENTES I;CIDADE_TIRADENTES;25
UBS DOM ANGELICO;CIDADE_TIRADENTES;25
UBS FERROVIARIOS;CIDADE_TIRADENTES;25
UBS GRAFICOS;CIDADE_TIRADENTES;25
UBS INACIO MONTEIRO;CIDADE_TIRADENTES;25
UBS JARDIM VITORIA;CIDADE_TIRADENTES;25
UBS NASCER DO SOL;CIDADE_TIRADENTES;25
UBS PREFEITO PRESTES MAIA;CIDADE_TIRADENTES;25
UBS PROFETA JEREMIAS;CIDADE_TIRADENTES;25
UBS ADELAIDE LOPES;CURSINO;27
UBS JARDIM DA SAUDE - NEUSA ROSALIA MORALES;CURSINO;27
UBS VILA MORAES - DR. JOAO PAULO BOTELHO VIEIRA ;CURSINO;27
AMA/UBS INTEGRADA PROF. DR. HUMBERTO CERRUTI - PQ BOTURUSSU;ERMELINO_MATARAZZO;28
CAPS AD IV REDENCAO;ERMELINO_MATARAZZO;28
CAPS ADULTO III VILA MATILDE;ERMELINO_MATARAZZO;28
CAPS INFANTO JUVENIL II ERMELINO MATARAZZO;ERMELINO_MATARAZZO;28
UBS DR. PEDRO DE SOUZA CAMPOS;ERMELINO_MATARAZZO;28
UBS ERMELINO MATARAZZO;ERMELINO_MATARAZZO;28
UBS JARDIM KERALUX;ERMELINO_MATARAZZO;28
UBS VILA CISPER;ERMELINO_MATARAZZO;28
UPA ERMELINO MATARAZZO;ERMELINO_MATARAZZO;28
AMA/UBS INTEGRADA VILA PALMEIRAS;FREGUESIA_DO_O;29
CAPS INFANTO JUVENIL II FREGUESIA BRASILANDIA;FREGUESIA_DO_O;29
HOTEL SEMER;FREGUESIA_DO_O;29
NIR FREGUESIA DO O / BRASILANDIA;FREGUESIA_DO_O;29
PSM FREGUESIA DO O - 21 DE JUNHO;FREGUESIA_DO_O;29
UBS CRUZ DAS ALMAS;FREGUESIA_DO_O;29
UBS VILA RAMOS;FREGUESIA_DO_O;29
AMA/UBS INTEGRADA JARDIM CASTRO ALVES;GRAJAU;30
AMA/UBS INTEGRADA JARDIM MIRNA;GRAJAU;30
AMB ESPEC DR. MILTON ALDRED;GRAJAU;30
CAPS ADULTO II GUAIANASES - ARTHUR BISPO DO ROSARIO;GRAJAU;30
CAPS III ADULTO GRAJAU;GRAJAU;30
CAPS INFANTO JUVENIL II CAPELA DO SOCORRO;GRAJAU;30
CEO II CAPELA DO SOCORRO;GRAJAU;30
CER IV MILTON ALDRED;GRAJAU;30
PSM DONA MARIA ANTONIETA FERREIRA DE BARROS;GRAJAU;30
RESIDENCIA TERAPEUTICA GRAJAU;GRAJAU;30
UBS ALCINA PIMENTEL PIZA;GRAJAU;30
UBS ANCHIETA;GRAJAU;30
UBS CANTINHO DO CEU ;GRAJAU;30
UBS CHACARA DO CONDE;GRAJAU;30
UBS CHACARA DO SOL;GRAJAU;30
UBS CHACARA SANTO AMARO;GRAJAU;30
UBS GAIVOTAS;GRAJAU;30
UBS JARDIM ELIANE;GRAJAU;30
UBS JARDIM LUCELIA ;GRAJAU;30
UBS JARDIM NOVO HORIZONTE;GRAJAU;30
UBS JARDIM TRES CORACOES;GRAJAU;30
UBS PARQUE RESIDENCIAL COCAIA INDEPENDENTE;GRAJAU;30
UBS SHANGRILA ELLUS;GRAJAU;30
UBS VARGINHA;GRAJAU;30
UBS VILA NATAL;GRAJAU;30
AMA PRESIDENTE JUSCELINO KUBITSCHEK;GUAIANASES;31
AMB ESPEC JARDIM SAO CARLOS;GUAIANASES;31
CAPS ADULTO II ARICANDUVA/ FORMOSA;GUAIANASES;31
CAPS ALCOOL DROGAS III HELIOPOLIS ;GUAIANASES;31
CAPS INFANTO-JUVENIL II GUAIANASES;GUAIANASES;31
CEO II JARDIM SAO CARLOS;GUAIANASES;31
CER II GUAIANASES;GUAIANASES;31
CER JARDIM SOARES;GUAIANASES;31
RESIDENCIA TERAPEUTICA GUAIANASES I - MISTA;GUAIANASES;31
RESIDENCIA TERAPEUTICA GUAIANASES II -FEMININA;GUAIANASES;31
RESIDENCIA TERAPEUTICA GUAIANASES III - MISTA;GUAIANASES;31
UBS GUAIANASES II;GUAIANASES;31
UBS JARDIM SOARES;GUAIANASES;31
UBS PREFEITO CELSO AUGUSTO DANIEL;GUAIANASES;31
UBS VILA COSMOPOLITA;GUAIANASES;31
AMA/UBS INTEGRADA JARDIM DA CONQUISTA III;IGUATEMI;33
AMA/UBS INTEGRADA JARDIM DAS LARANJEIRAS;IGUATEMI;33
UBS CDHU PALANQUE;IGUATEMI;33
UBS JARDIM DA CONQUISTA II;IGUATEMI;33
UBS JARDIM ROSELI;IGUATEMI;33
UBS PARQUE BOA ESPERANCA;IGUATEMI;33
UBS RECANTO VERDE SOL;IGUATEMI;33
AMA/UBS INTEGRADA SAO VICENTE DE PAULA;IPIRANGA;34
CAPS AD III VILA MARIA ;IPIRANGA;34
CAPS ADULTO II CIDADE TIRADENTES;IPIRANGA;34
CAPS ALCOOL E DROGAS II JARDIM NELIA;IPIRANGA;34
CAPS INFANTO JUVENIL III HELIOPOLIS;IPIRANGA;34
CECCO HELIOPOLIS;IPIRANGA;34
HOSPITAL DIA IPIRANGA DR FLAVIO GIANNOTTI;IPIRANGA;34
RESIDENCIA TERAPEUTICA IPIRANGA I - MISTA;IPIRANGA;34
RESIDENCIA TERAPEUTICA IPIRANGA II;IPIRANGA;34
RESIDENCIA TERAPEUTICA VILA MONUMENTO - MASCULINO;IPIRANGA;34
SIAT III HELIOPOLIS;IPIRANGA;34
UBS ALMIRANTE DELAMARE;IPIRANGA;34
UBS DR. OSWALDO MARASCA JUNIOR;IPIRANGA;34
UBS HELIOPOLIS ;IPIRANGA;34
UBS VILA CARIOCA;IPIRANGA;34
CAPS ALCOOL E DROGAS II SAPOPEMBA;ITAIM_BIBI;35
RESIDENCIA TERAPEUTICA ITAIM BIBI I - MISTA;ITAIM_BIBI;35
RESIDENCIA TERAPEUTICA ITAIM BIBI II - MISTA;ITAIM_BIBI;35
UBS JARDIM EDITE GERONCIO HENRIQUE NETO;ITAIM_BIBI;35
UBS JOSE MARCILIO MALTA CARDOSO;ITAIM_BIBI;35
UBS MENINOPOLIS - DR. MARIO FRANCISCO NAPOLITANO;ITAIM_BIBI;35
AMA/UBS INTEGRADA JARDIM DAS OLIVEIRAS;ITAIM_PAULISTA;36
CAPS ADULTO II CASA VERDE;ITAIM_PAULISTA;36
CAPS INFANTO JUVENIL II ITAIM PAULISTA;ITAIM_PAULISTA;36
CER II JARDIM CAMARGO NOVO;ITAIM_PAULISTA;36
HOSP DIA DA REDE HORA CERTA ITAIM PAULISTA;ITAIM_PAULISTA;36
PA DR. ATUALPA GIRAO RABELO;ITAIM_PAULISTA;36
UBS CIDADE KEMEL;ITAIM_PAULISTA;36
UBS DR. ATUALPA GIRAO RABELO;ITAIM_PAULISTA;36
UBS ENCOSTA NORTE;ITAIM_PAULISTA;36
UBS JARDIM CAMARGO NOVO;ITAIM_PAULISTA;36
UBS JARDIM INDAIA;ITAIM_PAULISTA;36
UBS JARDIM NELIA ;ITAIM_PAULISTA;36
AMA ESPECIALIDADES ITAQUERA;ITAQUERA;37
AMA/UBS INTEGRADA AGUIA DE HAIA;ITAQUERA;37
AMA/UBS INTEGRADA PARADA XV DE NOVEMBRO;ITAQUERA;37
AMA/UBS INTEGRADA VILA CARMOSINA;ITAQUERA;37
UBS URSI CONJUNTO AE CARVALHO;ITAQUERA;37
UBS VILA NOSSA SENHORA APARECIDA;ITAQUERA;37
UBS VILA RAMOS - DR. LUIZ AUGUSTO DE CAMPOS;ITAQUERA;37
UBS VILA SANTANA;ITAQUERA;37
UPA III ITAQUERA - 26 DE AGOSTO;ITAQUERA;37
AMA/UBS INTEGRADA AMERICANOPOLIS;JABAQUARA;38
AMA/UBS INTEGRADA DR. GERALDO DA SILVA FERREIRA ;JABAQUARA;38
AMA/UBS INTEGRADA VILA CLARA ;JABAQUARA;38
CAPS ALCOOL E DROGAS II ERMELINO MATARAZZO;JABAQUARA;38
RESIDENCIA TERAPEUTICA JABAQUARA I - MASCULINO;JABAQUARA;38
RESIDENCIA TERAPEUTICA JABAQUARA II - MISTA;JABAQUARA;38
UBS CIDADE VARGAS;JABAQUARA;38
UBS CUPECE - DR. WALDOMIRO PREGNOLATTO ;JABAQUARA;38
UBS JARDIM LOURDES;JABAQUARA;38
UBS VILA CAMPESTRE;JABAQUARA;38
UBS VILA CANAA;JABAQUARA;38
UBS VILA SANTA CATARINA;JABAQUARA;38
CAPS ADULTO III SE;JACANA;39
NIR JACANA;JACANA;39
UBS DR JOSE DE TOLEDO PIZA;JACANA;39
UBS JACANA - DR SEBASTIAO GABRIEL SAYAGO DE LAET;JACANA;39
UBS JOVA RURAL;JACANA;39
UBS PARQUE EDU CHAVES;JACANA;39
UBS VILA NOVA GALVAO - SONIA REGINA CAMPANELLI;JACANA;39
UPA JACANA;JACANA;39
AMA VILA PIAUI;JAGUARA;40
UBS VILA JAGUARA;JAGUARA;40
UBS VILA PIAUI;JAGUARA;40
AMA/UBS INTEGRADA VILA NOVA JAGUARE;JAGUARE;41
AMA/UBS INTEGRADA CITY JARAGUA;JARAGUA;42
AMA/UBS INTEGRADA ELISIO TEIXEIRA LEITE;JARAGUA;42
AMA/UBS INTEGRADA JARDIM IPANEMA;JARAGUA;42
UBS ALDEIA JARAGUA - KWARAY DJEKUPE;JARAGUA;42
UBS ALPES DO JARAGUA;JARAGUA;42
UBS INTERATIVA;JARAGUA;42
UBS JARDIM PANAMERICANO;JARAGUA;42
UBS JARDIM RINCAO;JARAGUA;42
UBS PARQUE NACOES UNIDAS SEM TERRA;JARAGUA;42
UBS UNIAO DAS VILAS DE TAIPAS;JARAGUA;42
AMA/UBS INTEGRADA JARDIM CAPELA;JARDIM_ANGELA;43
AMA/UBS INTEGRADA JARDIM HELENA;JARDIM_HELENA;43
AMA/UBS INTEGRADA JARDIM ROMANO (ANTIGO VILA ITAIM);JARDIM_HELENA;43
AMA/UBS INTEGRADA PARQUE NOVO SANTO AMARO;JARDIM_ANGELA;43
AMA/UBS INTEGRADA PARQUE PAULISTANO;JARDIM_HELENA;43
CEO II VERA CRUZ;JARDIM_ANGELA;43
CER IV M' BOI MIRIM;JARDIM_ANGELA;43
HOSPITAL DIA M BOI MIRIM II ;JARDIM_ANGELA;43
UBS ALTO DA RIVIERA;JARDIM_ANGELA;43
UBS CHACARA SANTA MARIA;JARDIM_ANGELA;43
UBS CIDADE IPAVA;JARDIM_ANGELA;43
UBS HORIZONTE AZUL;JARDIM_ANGELA;43
UBS JARDIM ARACATI;JARDIM_ANGELA;43
UBS JARDIM CAICARA;JARDIM_ANGELA;43
UBS JARDIM COIMBRA;JARDIM_ANGELA;43
UBS JARDIM GUARUJA;JARDIM_ANGELA;43
UBS JARDIM HERCULANO;JARDIM_ANGELA;43
UBS JARDIM MAIA;JARDIM_HELENA;43
UBS JARDIM NAKAMURA;JARDIM_ANGELA;43
UBS JARDIM PARANAPANEMA;JARDIM_ANGELA;43
UBS JARDIM SAO JORGE - C. ADEMAR;JARDIM_ANGELA;43
UBS PARQUE DO LAGO;JARDIM_ANGELA;43
UBS SANTA MADALENA;JARDIM_ANGELA;43
UBS TRES PONTES;JARDIM_HELENA;43
UBS VERA CRUZ;JARDIM_ANGELA;43
UBS VILA CALU;JARDIM_ANGELA;43
UPA JARDIM ANGELA ;JARDIM_ANGELA;43
UPA VERA CRUZ;JARDIM_ANGELA;43
AMA ESPECIALIDADES JARDIM SAO LUIZ;JARDIM_SAO_LUIZ;46
AMA JARDIM SAO LUIZ;JARDIM_SAO_LUIZ;46
AMA/UBS INTEGRADA JARDIM ALFREDO;JARDIM_SAO_LUIZ;46
AMA/UBS INTEGRADA PARQUE FIGUEIRA GRANDE;JARDIM_SAO_LUIZ;46
AMA/UBS INTEGRADA PARQUE SANTO ANTONIO;JARDIM_SAO_LUIZ;46
ASSISTENCIA DOMICILIAR M BOI MIRIM;JARDIM_SAO_LUIZ;46
CAPS ADULTO II ITAIM PAULISTA;JARDIM_SAO_LUIZ;46
CAPS III ALCOOL E DROGAS JARDIM SAO LUIZ;JARDIM_SAO_LUIZ;46
CAPS INFANTO JUVENIL II M BOI MIRIM;JARDIM_SAO_LUIZ;46
HOSPITAL DIA M BOI MIRIM I ;JARDIM_SAO_LUIZ;46
UBS BRASILIA - M'BOI;JARDIM_SAO_LUIZ;46
UBS CHACARA SANTANA;JARDIM_SAO_LUIZ;46
UBS JARDIM CELESTE;JARDIM_SAO_LUIZ;46
UBS JARDIM SOUZA;JARDIM_SAO_LUIZ;46
UBS JARDIM THOMAS;JARDIM_SAO_LUIZ;46
UBS NOVO CAMINHO;JARDIM_SAO_LUIZ;46
UBS NOVO JARDIM I;JARDIM_SAO_LUIZ;46
UBS VILA DAS BELEZAS - DR. ALBERTO AMBROSIO;JARDIM_SAO_LUIZ;46
UBS ZUMBI DOS PALMARES;JARDIM_SAO_LUIZ;46
AMA/UBS INTEGRADA JOSE BONIFACIO I;JOSE_BONIFACIO;47
AMA/UBS INTEGRADA JOSE BONIFACIO III - DRA LUCY MAYUMI UDAKIRI;JOSE_BONIFACIO;47
CAPS INFANTOJUVENIL II ITAQUERA;JOSE_BONIFACIO;47
UBS JARDIM SAO CARLOS - C. ADEMAR;JOSE_BONIFACIO;47
AMA SOROCABANA;LAPA;48
CAPS III ADULTO LAPA;LAPA;48
CER III LAPA;LAPA;48
HOSP DIA DA REDE HORA CERTA LAPA;LAPA;48
HOSPITAL SOROCABANA;LAPA;48
RESIDENCIA TERAPEUTICA LAPA - FEMININO;LAPA;48
RESIDENCIA TERAPEUTICA LAPA II - MISTA;LAPA;48
UBS VILA ANASTACIO;LAPA;48
UBS VILA IPOJUCA - WANDA COELHO DE MORAES;LAPA;48
UBS VILA ROMANA;LAPA;48
CAPS INFANTO JUVENIL SE AMORZEIRA;LIBERDADE;49
SIAT II GLICERIO;LIBERDADE;49
AMA/UBS INTEGRADA VILA BARBOSA;LIMAO;50
UBS AGUA FUNDA;LIMAO;50
UBS VILA ESPANHOLA;LIMAO;50
UBS VILA SANTA MARIA;LIMAO;50
AMA/UBS INTEGRADA LAUZANE PAULISTA;MANDAQUI;51
UBS DR. DOMINGOS MAZZONETO DE CILO - VILA AURORA;MANDAQUI;51
UBS HORTO FLORESTAL;MANDAQUI;51
UBS DOM LUCIANO BERGAMIN;MARSILAC;52
UBS JARDIM EMBURA;MARSILAC;52
UBS MARSILAC;MARSILAC;52
CAPS ADULTO II CIDADE ADEMAR;MOOCA;53
RESIDENCIA TERAPEUTICA MOOCA I;MOOCA;53
UBS MOINHO VELHO ;MOOCA;53
UBS REAL PARQUE  - PAULO MANGABEIRA ALBERNAZ FILHO;MORUMBI;54
AMA PARELHEIROS ;PARELHEIROS;55
CAPS INFANTO JUVENIL II PARELHEIROS;PARELHEIROS;55
CEO III PARELHEIROS- CLINICA ODONTOL. ESPEC. YVETTE RANZINI VIEGAS;PARELHEIROS;55
CER II PARELHEIROS;PARELHEIROS;55
PSM BALNEARIO SAO JOSE;PARELHEIROS;55
RESIDENCIA TERAPEUTICA PARELHEIROS I - MISTA;PARELHEIROS;55
RESIDENCIA TERAPEUTICA PARELHEIROS II;PARELHEIROS;55
UBS BARRAGEM;PARELHEIROS;55
UBS COLONIA;PARELHEIROS;55
UBS JARDIM CAMPINAS;PARELHEIROS;55
UBS JARDIM DAS FONTES;PARELHEIROS;55
UBS JARDIM IPORA;PARELHEIROS;55
UBS JARDIM SAO CARLOS;PARELHEIROS;55
UBS JARDIM SAO FRANCISCO;PARELHEIROS;55
UBS JARDIM SILVEIRA;PARELHEIROS;55
UBS NOVA AMERICA;PARELHEIROS;55
UBS PARELHEIROS;PARELHEIROS;55
UBS RECANTO CAMPO BELO;PARELHEIROS;55
UBS VARGEM GRANDE;PARELHEIROS;55
UBS VERA POTY;PARELHEIROS;55
UBS VILA MARCELO;PARELHEIROS;55
UBS VILA ROSCHEL;PARELHEIROS;55
AMA/UBS INTEGRADA PARI;PARI;56
UBS GLEBA DO PESSEGO - VICENTE FIUZA DA COSTA;PARQUE_DO_CARMO;57
UBS JARDIM COPA;PARQUE_DO_CARMO;57
UBS JARDIM HELIAN;PARQUE_DO_CARMO;57
UBS JARDIM NOSSA SENHORA DO CARMO;PARQUE_DO_CARMO;57
UBS SAO REMO;PARQUE_DO_CARMO;57
AMA/UBS INTEGRADA PARQUE DOROTEIA ;PEDREIRA;58
CAPS ADULTO III PIRITUBA/JARAGUA;PEDREIRA;58
CAPS INFANTO JUVENIL II CIDADE ADEMAR;PEDREIRA;58
CEO II LRPD DR. HUMBERTO NASTARI - PEDREIRA;PEDREIRA;58
CER III CIDADE ADEMAR;PEDREIRA;58
HOSPITAL DIA CIDADE ADEMAR ;PEDREIRA;58
RESIDENCIA TERAPEUTICA CIDADE ADEMAR II - MISTA;PEDREIRA;58
UBS JARDIM APURA;PEDREIRA;58
UBS JARDIM NOVO PANTANAL CIDADE ADEMAR;PEDREIRA;58
UBS JARDIM SELMA - C.ADEMAR;PEDREIRA;58
UBS LARANJEIRAS;PEDREIRA;58
UBS MAR PAULISTA;PEDREIRA;58
UBS MATA VIRGEM;PEDREIRA;58
UBS VILA APARECIDA;PEDREIRA;58
UBS VILA GUACURI;PEDREIRA;58
UPA PEDREIRA - DR. CESAR ANTUNES DA ROCHA ;PEDREIRA;58
AMA MAURICE PATE;PENHA;59
CAPS ALCOOL E DROGAS III PENHA;PENHA;59
CAPS ALCOOL E DROGAS PIRITUBA - CASA AZUL;PENHA;59
CAPS INFANTO JUVENIL III PENHA;PENHA;59
CER III PENHA;PENHA;59
HOSPITAL DIA PENHA;PENHA;59
RESIDENCIA TERAPEUTICA PENHA - MISTA;PENHA;59
UBS ENGENHEIRO TRINDADE;PENHA;59
UBS VILA ESPERANCA - DR. CASSIO BITTENCOURT FILHO;PENHA;59
UBS VILA ESPERANCA - DR. EMILIO SANTIAGO DE OLIVEIRA ;PENHA;59
UBS VILA GRANADA - DR ALFREDO FERREIRA PAULINO FILHO;PENHA;59
UBS JARDIM VERA CRUZ - PERDIZES;PERDIZES;60
UBS VILA ANGLO - DR. JOSE SERRA RIBEIRO;PERDIZES;60
AMA ESPECIALIDADES PERUS;PERUS;61
AMA/UBS INTEGRADA PERUS;PERUS;61
CAPS ALCOOL E DROGAS II GUAIANASES;PERUS;61
CAPS INFANTO JUVENIL II PERUS;PERUS;61
UBS RECANTO DOS HUMILDES;PERUS;61
UBS VILA CAIUBA;PERUS;61
UPA PERUS;PERUS;61
UBS DR. MANOEL JOAQUIM PERA;PINHEIROS;62
AMA ESPECIALIDADES VILA ZATT;PIRITUBA;63
AMA/UBS INTEGRADA VILA PEREIRA BARRETO;PIRITUBA;63
CAPS ADULTO II PERUS - ASM CASA VIVA;PIRITUBA;63
CAPS ALCOOL E DROGAS III FREGUESIA DO O BRASILANDIA;PIRITUBA;63
HOSP MUN DR. JOSE SOARES HUNGRIA - PIRITUBA;PIRITUBA;63
UBS DOMINGOS MANTELLI;PIRITUBA;63
UBS JARDIM CIDADE PIRITUBA;PIRITUBA;63
UBS MOINHO VELHO II;PIRITUBA;63
UBS VILA MAGGI;PIRITUBA;63
UBS VILA PIRITUBA;PIRITUBA;63
UPA PIRITUBA;PIRITUBA;63
AMA ESPECIALIDADES BURGO PAULISTA;PONTE_RASA;64
AMA/UBS INTEGRADA JARDIM POPULAR - MATHEUS SANTAMARIA  - ATE MARCO/2021;PONTE_RASA;64
AMA/UBS INTEGRADA JARDIM TRES MARIAS - DR. MAURICIO ZAMIJOVSKY;PONTE_RASA;64
UBS BURGO PAULISTA;PONTE_RASA;64
UBS COSTA MELO;PONTE_RASA;64
UBS JARDIM PENHA;PONTE_RASA;64
UBS PONTE RASA - DR. CARLOS OLIVALDO DE SOUZA L. MUNIZ;PONTE_RASA;64
AMA/UBS INTEGRADA JARDIM SANTO ANDRE;RAPOSO_TAVARES;65
AMA/UBS INTEGRADA PAULO VI;RAPOSO_TAVARES;65
UBS JARDIM BOA VISTA;RAPOSO_TAVARES;65
UBS VILA BORGES;RAPOSO_TAVARES;65
CAPS ADULTO III ITAIM BIBI;REPUBLICA;66
HOTEL NOVA LUZ 1;REPUBLICA;66
UBS JARDIM D'ABRIL;RIO_PEQUENO;67
UBS JOSE DE BARROS MAGALDI;RIO_PEQUENO;67
UBS RIO PEQUENO - DR. PAULO DE BARROS FRANCA;RIO_PEQUENO;67
UBS SE;RIO_PEQUENO;67
UBS VILA DALVA - ENG. GUILHERME HENRIQUE PINTO COELHO;RIO_PEQUENO;67
AMA ESPECIALIDADES VILA DAS MERCES;SACOMA;68
AMA SANTA CRUZ;SACOMA;68
AMA/UBS INTEGRADA PARQUE BRISTOL;SACOMA;68
PSM AUGUSTO GOMES DE MATTOS;SACOMA;68
UBS AURELIO MELLONE;SACOMA;68
UBS DR EDUARDO ROMANO RESCHILIAN;SACOMA;68
UBS JARDIM SECKLER;SACOMA;68
UBS LUIZ ERNESTO MAZZONI;SACOMA;68
UBS MOOCA I;SACOMA;68
UBS SANTA CECILIA - DR. HUMBERTO PASCALE;SACOMA;68
UBS VILA ARAPUA;SACOMA;68
UBS VILA DAS MERCES;SACOMA;68
AMA BORACEA - DR LUIZ BACCALA;SANTA_CECILIA;69
AMA ESPECIALIDADES DR HUMBERTO PASCALE SANTA CECILIA;SANTA_CECILIA;69
AMA PORTO SEGURO;SANTA_CECILIA;69
PSM BARRA FUNDA - ALVARO DINO DE ALMEIDA;SANTA_CECILIA;69
UBS BORACEA;SANTA_CECILIA;69
UBS SANTA LUCIA;SANTA_CECILIA;69
AMB ESPEC TUCURUVI - PROF. ARMANDO DE AGUIAR PUPO ;SANTANA;70
CAPS ADULTO II JABAQUARA;SANTANA;70
CAPS ALCOOL E DROGAS III CENTRO;SANTANA;70
CAPS INFANTO JUVENIL III SANTANA;SANTANA;70
CER III TUCURUVI;SANTANA;70
PSM SANTANA - LAURO RIBAS BRAGA;SANTANA;70
UBS DR. JOAQUIM ANTONIO EIRADO;SANTANA;70
URSI SANTANA JACANA;SANTANA;70
HOSPITAL INTEGRADO SANTO AMARO AMBULATORIO DE ESPECIALIDADES;SANTO_AMARO;71
RESIDENCIA TERAPEUTICA SANTO AMARO I - MISTA;SANTO_AMARO;71
RESIDENCIA TERAPEUTICA SANTO AMARO II;SANTO_AMARO;71
RESIDENCIA TERAPEUTICA SANTO AMARO III;SANTO_AMARO;71
UBS CHACARA SANTO ANTONIO - DR MARCILIO DE ARRUDA PENTEADO F;SANTO_AMARO;71
UBS SANTO ESTEVAO - CARMOSINA;SANTO_AMARO;71
UPA SANTO AMARO - JOSE SILVIO DE CAMARGO;SANTO_AMARO;71
AMA ESPECIALIDADES JARDIM GUAIRACA;SAO_LUCAS;72
CASA DO PARTO DE SAPOPEMBA;SAO_LUCAS;72
UBS JARDIM GUAIRACA;SAO_LUCAS;72
UBS JARDIM INDEPENDENCIA - HERMENEGILDO MORBIN JUNIOR ;SAO_LUCAS;72
UBS PARQUE SANTA RITA;SAO_LUCAS;72
UBS REUNIDAS I;SAO_LUCAS;72
UBS VILA EMA;SAO_LUCAS;72
UBS VILA HELOISA;SAO_LUCAS;72
AMA/UBS INTEGRADA JARDIM TIETE I;SAO_MATEUS;73
CER JARDIM TIETE I;SAO_MATEUS;73
HOSP DIA DA REDE HORA CERTA SAO MATEUS - DR.HENRIQUE C. GONCALVES;SAO_MATEUS;73
PA SAO MATEUS II;SAO_MATEUS;73
SAD SAO MATEUS;SAO_MATEUS;73
UBS JARDIM IV CENTENARIO;SAO_MATEUS;73
UBS JARDIM NOVE DE JULHO;SAO_MATEUS;73
UBS JARDIM PARAGUACU - DR. GONCALO FELICIANO ALVES;SAO_MATEUS;73
UBS JARDIM TIETE II;SAO_MATEUS;73
UBS SANTA INES;SAO_MATEUS;73
CER IV SAO MIGUEL;SAO_MIGUEL;74
HOSPITAL DIA DA REDE HORA CERTA SAO MIGUEL PAULISTA TITO LOPES;SAO_MIGUEL;74
UBS CIDADE NOVA SAO MIGUEL;SAO_MIGUEL;74
UBS JARDIM LIDIA;SAO_MIGUEL;74
UBS NITRO OPERARIA - PAULO FELDMAN;SAO_MIGUEL;74
UBS VILA PROGRESSO - JARDIM MONTE ALEGRE;SAO_MIGUEL;74
UPA TITO LOPES;SAO_MIGUEL;74
AMA/UBS INTEGRADA JARDIM SAO FRANCISCO II;SAO_RAFAEL;75
AMA/UBS INTEGRADA JARDIM SAO JORGE;SAO_RAFAEL;75
UBS CARRAOZINHO;SAO_RAFAEL;75
UBS JARDIM COLORADO - DR. JOSE PIRES;SAO_RAFAEL;75
UBS JARDIM DA CONQUISTA I;SAO_RAFAEL;75
UBS PARQUE SAO RAFAEL - DR ORA ROSEN;SAO_RAFAEL;75
UBS RIO CLARO;SAO_RAFAEL;75
AMA SE;SAPOPEMBA;76
AMA/UBS INTEGRADA JARDIM ELBA - HUMBERTO GASTAO BODRA;SAPOPEMBA;76
AMA/UBS INTEGRADA JARDIM GRIMALDI;SAPOPEMBA;76
AMB ESPEC SAPOPEMBA;SAPOPEMBA;76
CAPS ADULTO II DR. LEONIDIO GALVAO DOS SANTOS (JACANA/ TREMEMBE);SAPOPEMBA;76
CAPS ALCOOL E DROGAS III JARDIM ANGELA;SAPOPEMBA;76
CAPS INFANTO JUVENIL II SAPOPEMBA;SAPOPEMBA;76
CEO II SAPOPEMBA;SAPOPEMBA;76
CER III SE;SAPOPEMBA;76
UBS FAZENDA DA JUTA I;SAPOPEMBA;76
UBS FAZENDA DA JUTA II;SAPOPEMBA;76
UBS IACAPE - JARDIM PLANALTO;SAPOPEMBA;76
UBS IGUACU;SAPOPEMBA;76
UBS JARDIM DOS EUCALIPTOS - HELIO MOREIRA SALLES;SAPOPEMBA;76
UBS JARDIM SAPOPEMBA;SAPOPEMBA;76
UBS JARDIM SINHA;SAPOPEMBA;76
UBS MASCARENHAS DE MORAES;SAPOPEMBA;76
UBS PASTORAL;SAPOPEMBA;76
UBS PRO MORAR;SAPOPEMBA;76
UBS REUNIDAS II;SAPOPEMBA;76
UBS SANTO ELIAS;SAPOPEMBA;76
UBS TEOTONIO VILELA;SAPOPEMBA;76
UBS VILA RENATO;SAPOPEMBA;76
UBS PARQUE IMPERIAL - MANOEL ANTONIO DA SILVA SARAGOCA;SAUDE;77
UBS PROF. MILTON SANTOS;SAUDE;77
AMA SACOMA;SE;78
CAPS AD II CANGAIBA;SE;78
CAPS ALCOOL E DROGAS III GRAJAU;SE;78
CER III SANTO AMARO;SE;78
UBS REPUBLICA;SE;78
UBS SACOMA;SE;78
UNIDADE DE APOIO REDENCAO - HELVETIA;SE;78
RESIDENCIA TERAPEUTICA CAPELA DO SOCORRO III;SOCORRO;79
RESIDENCIA TERAPEUTICA CAPELA DO SOCORRO IV;SOCORRO;79
RESIDENCIA TERAPEUTICA CAPELA DO SOCORRO V;SOCORRO;79
UBS VELEIROS;SOCORRO;79
CER II TATUAPE DR SALOMAO CROCHIK;TATUAPE;80
UBS VILA SANTO ESTEVAO DR WOADY JORGE KALIL;TATUAPE;80
UPA TATUAPE;TATUAPE;80
AMA/UBS INTEGRADA JARDIM JOAMAR ;TREMEMBE;81
UBS DONA MARIQUINHA SCIASCIA;TREMEMBE;81
UBS FLOR DE MAIO;TREMEMBE;81
UBS JARDIM APUANA;TREMEMBE;81
UBS JARDIM DAS PEDRAS;TREMEMBE;81
UBS JARDIM FONTALIS;TREMEMBE;81
UBS VILA ALBERTINA - DR. OSVALDO MARCAL;TREMEMBE;81
AMA/UBS INTEGRADA WAMBERTO DIAS DA COSTA;TUCURUVI;82
UBS CONJUNTO IPESP;TUCURUVI;82
UBS VILA NIVI;TUCURUVI;82
CAPS ALCOOL E DROGAS II CACHOEIRINHA;VILA_CURUCA;84
CER II JARDIM CAMPOS;VILA_CURUCA;84
UBS DOM JOAO NERY;VILA_CURUCA;84
UBS JARAGUA;VILA_CURUCA;84
UBS JARDIM CAMPOS;VILA_CURUCA;84
UBS JARDIM ROBRU-MESSIAS JOSE DA SILVA;VILA_CURUCA;84
UBS JARDIM SILVA TELLES;VILA_CURUCA;84
UBS PARQUE SAO LUCAS;VILA_CURUCA;84
UBS VILA CURUCA;VILA_CURUCA;84
UBS VILA NOVA CURUCA;VILA_CURUCA;84
RESIDENCIA TERAPEUTICA ARICANDUVA III - MISTA;VILA_FORMOSA;85
UBS COMENDADOR JOSE GONZALES;VILA_FORMOSA;85
UBS VILA FORMOSA II;VILA_FORMOSA;85
UBS VILA GUARANI;VILA_FORMOSA;85
AMA/UBS INTEGRADA VILA GUILHERME;VILA_GUILHERME;86
CER III CARANDIRU;VILA_GUILHERME;86
HOSP DIA DA REDE HORA CERTA VILA GUILHERME VILA MARIA;VILA_GUILHERME;86
UBS CARANDIRU;VILA_GUILHERME;86
UBS VILA IZOLINA MAZZEI;VILA_GUILHERME;86
UBS VILA LEONOR;VILA_GUILHERME;86
AMA/UBS INTEGRADA SITIO DA CASA PINTADA;VILA_JACUI;87
UBS CIDADE PEDRO JOSE NUNES;VILA_JACUI;87
UBS DR. THERSIO VENTURA;VILA_JACUI;87
UBS JARDIM DAS CAMELIAS;VILA_JACUI;87
UBS JARDIM SAO PEDRO - FRANCISCO ANTONIO CESARONI;VILA_JACUI;87
UBS SANTA LUZIA;VILA_JACUI;87
UBS UNIAO VILA NOVA ( ANTIGA - ADAO MANOEL DA SILVA);VILA_JACUI;87
UBS VILA JACUI;VILA_JACUI;87
UBS PARQUE DA LAPA;VILA_LEOPOLDINA;88
CAPS ADULTO III CAPELA DO SOCORRO;VILA_MARIA;89
CAPS INFANTO JUVENIL II VILA MARIA VILA GUILHERME;VILA_MARIA;89
PSM VILA MARIA BAIXA;VILA_MARIA;89
UBS JARDIM JAPAO;VILA_MARIA;89
UBS PARQUE NOVO MUNDO I;VILA_MARIA;89
UBS PARQUE NOVO MUNDO II;VILA_MARIA;89
UBS VILA MARIA - DR. LUIZ PAULO GNECCO;VILA_MARIA;89
AMA SAPOPEMBA;VILA_MARIANA;90
CENTRO DE REFERENCIA DE DOR CRONICA;VILA_MARIANA;90
CENTRO OLIMPICO DE TREINAMENTO E PESQUISA;VILA_MARIANA;90
CONSULTORIO ODONTOLOGICO TCM;VILA_MARIANA;90
UPA VILA MARIANA;VILA_MARIANA;90
AMA ALEXANDRE ZAIO;VILA_MATILDE;91
UBS CIDADE PATRIARCA - DR. HERMENEGILDO MORBIM JUNIOR;VILA_MATILDE;91
UBS JARDIM MARINGA - VILA TALARICO;VILA_MATILDE;91
UBS VILA ARICANDUVA;VILA_MATILDE;91
UBS VILA GUILHERMINA - DR. AMERICO RASPA NETO;VILA_MATILDE;91
UBS VILA MATILDE - DR.RUBENS DO VAL;VILA_MATILDE;91
AMA/UBS INTEGRADA JARDIM BRASIL;VILA_MEDEIROS;92
AMA/UBS INTEGRADA VILA MEDEIROS;VILA_MEDEIROS;92
CEO II VILA MARIA/VILA GUILHERME;VILA_MEDEIROS;92
UBS JARDIM JULIETA;VILA_MEDEIROS;92
UBS VILA EDE;VILA_MEDEIROS;92
UBS VILA SABRINA - DR. CARLOS AUGUSTO AUTRAN PEDERNEIRAS LIMA;VILA_MEDEIROS;92
AMA/UBS INTEGRADA VILA CALIFORNIA - ZEILIVAL BRUSCAGIN;VILA_PRUDENTE;93
CAPS INFANTIL II VILA PRUDENTE;VILA_PRUDENTE;93
CER II VILA PRUDENTE;VILA_PRUDENTE;93
HOSPITAL DIA VILA PRUDENTE;VILA_PRUDENTE;93
RESIDENCIA TERAPEUTICA SAPOPEMBA I - MISTA;VILA_PRUDENTE;93
RESIDENCIA TERAPEUTICA SAPOPEMBA II - MISTA;VILA_PRUDENTE;93
RESIDENCIA TERAPEUTICA VILA PRUDENTE I - FEMININO;VILA_PRUDENTE;93
RESIDENCIA TERAPEUTICA VILA PRUDENTE II - MASCULINO;VILA_PRUDENTE;93
UBS VILA PRUDENTE;VILA_PRUDENTE;93
AMA/UBS INTEGRADA VILA SONIA;VILA_SONIA;94
UBS JARDIM COLOMBO;VILA_SONIA;94
UBS JARDIM JAQUELINE;VILA_SONIA;94
AMA/UBS INTEGRADA ANHANGUERA;SAO_DOMINGOS;95
UBS PARQUE MARIA DOMITILA ;SAO_DOMINGOS;95
UBS SAO MATEUS I;SAO_DOMINGOS;95
UBS GUAIANASES I;LAJEADO;96
UBS J ETELVINA ;LAJEADO;96
UBS JARDIM AURORA;LAJEADO;96
UBS JARDIM BANDEIRANTES;LAJEADO;96
UBS JARDIM FANGANIELLO;LAJEADO;96
UBS JARDIM ROBRU - GUAIANASES;LAJEADO;96
UBS PRIMEIRO DE OUTUBRO;LAJEADO;96
UBS SANTO AMARO - DR SERGIO VILLACA BRAGA;LAJEADO;96
UBS VILA CHABILANDIA;LAJEADO;96
UPA JULIO TUPY;LAJEADO;96
