DESCRIÇÃO_CONTRATO;DESCRIÇÃO_CONTRATADA;DESCRIÇÃO_UNIDADE;DESCRIÇÃO_SERVIÇO;DESCRIÇÃO_PERÍODO;CARGO_EQUIPE_MÍNIMA;CARGA_HORÁRIA_SEMANAL;EQUIPE_MÍNIMA_CONTRATADA;TOTAL_CARGA_HORÁRIA_CONTRATADA;TIPO_CONTRATAÇÃO_PREFEITURA_MUNICÍPIO_SP;TIPO_CONTRATAÇÃO_PREFEITURA_MUNICÍPIO_OS_CLT;TIPO_CONTRATAÇÃO_PREFEITURA_MUNICÍPIO_OS_TERCEIROS;TOTAL_HORAS_APONTADAS;AVALIAÇÃO
REDE ASSIST. D.A. V. PRUDENTE/S. LUCAS  DA STS V. PRUDENTE/SAPOPEMBA - TA-039/2020 A TA-041/2020;SPDM - ASSOCIAÇÃO PAULISTA PARA O DESENVOLVIMENTO DA MEDICINA;AMA ESPECIALIDADES JARDIM GUAIRACÁ;AMA - ESPECIALIDADES;NOV 2020;ASSISTENTE SOCIAL;30;2;60;;2;;60;0
REDE ASSIST. D.A. V. PRUDENTE/S. LUCAS  DA STS V. PRUDENTE/SAPOPEMBA - TA-039/2020 A TA-041/2020;SPDM - ASSOCIAÇÃO PAULISTA PARA O DESENVOLVIMENTO DA MEDICINA;AMA ESPECIALIDADES JARDIM GUAIRACÁ;AMA - ESPECIALIDADES;NOV 2020;ENFERMEIRO;40;2;80;;2;;80;0
REDE ASSIST. D.A. V. PRUDENTE/S. LUCAS  DA STS V. PRUDENTE/SAPOPEMBA - TA-039/2020 A TA-041/2020;SPDM - ASSOCIAÇÃO PAULISTA PARA O DESENVOLVIMENTO DA MEDICINA;AMA ESPECIALIDADES JARDIM GUAIRACÁ;AMA - ESPECIALIDADES;NOV 2020;ENFERMEIRO;36;3;108;;3;;108;0
REDE ASSIST. D.A. V. PRUDENTE/S. LUCAS  DA STS V. PRUDENTE/SAPOPEMBA - TA-039/2020 A TA-041/2020;SPDM - ASSOCIAÇÃO PAULISTA PARA O DESENVOLVIMENTO DA MEDICINA;AMA ESPECIALIDADES JARDIM GUAIRACÁ;AMA - ESPECIALIDADES;NOV 2020;FARMACÊUTICO;40;1;40;;1;;40;0
REDE ASSIST. D.A. V. PRUDENTE/S. LUCAS  DA STS V. PRUDENTE/SAPOPEMBA - TA-039/2020 A TA-041/2020;SPDM - ASSOCIAÇÃO PAULISTA PARA O DESENVOLVIMENTO DA MEDICINA;AMA ESPECIALIDADES JARDIM GUAIRACÁ;AMA - ESPECIALIDADES;NOV 2020;MÉDICO ANGIOLOGISTA;12;4;48;;4;;48;0
REDE ASSIST. D.A. V. PRUDENTE/S. LUCAS  DA STS V. PRUDENTE/SAPOPEMBA - TA-039/2020 A TA-041/2020;SPDM - ASSOCIAÇÃO PAULISTA PARA O DESENVOLVIMENTO DA MEDICINA;AMA ESPECIALIDADES JARDIM GUAIRACÁ;AMA - ESPECIALIDADES;NOV 2020;MÉDICO CARDIOLOGISTA;12;6;72;;6;;72;0
REDE ASSIST. D.A. V. PRUDENTE/S. LUCAS  DA STS V. PRUDENTE/SAPOPEMBA - TA-039/2020 A TA-041/2020;SPDM - ASSOCIAÇÃO PAULISTA PARA O DESENVOLVIMENTO DA MEDICINA;AMA ESPECIALIDADES JARDIM GUAIRACÁ;AMA - ESPECIALIDADES;NOV 2020;MÉDICO ENDOCRINOLOGISTA;12;6;72;;6;;72;0
REDE ASSIST. D.A. V. PRUDENTE/S. LUCAS  DA STS V. PRUDENTE/SAPOPEMBA - TA-039/2020 A TA-041/2020;SPDM - ASSOCIAÇÃO PAULISTA PARA O DESENVOLVIMENTO DA MEDICINA;AMA ESPECIALIDADES JARDIM GUAIRACÁ;AMA - ESPECIALIDADES;NOV 2020;MÉDICO NEFROLOGISTA;12;1;12;;1;;12;0
REDE ASSIST. D.A. V. PRUDENTE/S. LUCAS  DA STS V. PRUDENTE/SAPOPEMBA - TA-039/2020 A TA-041/2020;SPDM - ASSOCIAÇÃO PAULISTA PARA O DESENVOLVIMENTO DA MEDICINA;AMA ESPECIALIDADES JARDIM GUAIRACÁ;AMA - ESPECIALIDADES;NOV 2020;MÉDICO NEUROLOGISTA;12;4;48;;2;;24;-24
REDE ASSIST. D.A. V. PRUDENTE/S. LUCAS  DA STS V. PRUDENTE/SAPOPEMBA - TA-039/2020 A TA-041/2020;SPDM - ASSOCIAÇÃO PAULISTA PARA O DESENVOLVIMENTO DA MEDICINA;AMA ESPECIALIDADES JARDIM GUAIRACÁ;AMA - ESPECIALIDADES;NOV 2020;MÉDICO NEUROLOGISTA PEDIÁTRICO;6;1;6;;1;;6;0
REDE ASSIST. D.A. V. PRUDENTE/S. LUCAS  DA STS V. PRUDENTE/SAPOPEMBA - TA-039/2020 A TA-041/2020;SPDM - ASSOCIAÇÃO PAULISTA PARA O DESENVOLVIMENTO DA MEDICINA;AMA ESPECIALIDADES JARDIM GUAIRACÁ;AMA - ESPECIALIDADES;NOV 2020;MÉDICO NEUROLOGISTA PEDIÁTRICO;12;1;12;;1;;12;0
REDE ASSIST. D.A. V. PRUDENTE/S. LUCAS  DA STS V. PRUDENTE/SAPOPEMBA - TA-039/2020 A TA-041/2020;SPDM - ASSOCIAÇÃO PAULISTA PARA O DESENVOLVIMENTO DA MEDICINA;AMA ESPECIALIDADES JARDIM GUAIRACÁ;AMA - ESPECIALIDADES;NOV 2020;MÉDICO OFTALMOLOGISTA;12;5;60;;5;;60;0
REDE ASSIST. D.A. V. PRUDENTE/S. LUCAS  DA STS V. PRUDENTE/SAPOPEMBA - TA-039/2020 A TA-041/2020;SPDM - ASSOCIAÇÃO PAULISTA PARA O DESENVOLVIMENTO DA MEDICINA;AMA ESPECIALIDADES JARDIM GUAIRACÁ;AMA - ESPECIALIDADES;NOV 2020;MÉDICO ORTOPEDISTA E TRAUMATOLOGISTA;12;6;72;;6;;72;0
REDE ASSIST. D.A. V. PRUDENTE/S. LUCAS  DA STS V. PRUDENTE/SAPOPEMBA - TA-039/2020 A TA-041/2020;SPDM - ASSOCIAÇÃO PAULISTA PARA O DESENVOLVIMENTO DA MEDICINA;AMA ESPECIALIDADES JARDIM GUAIRACÁ;AMA - ESPECIALIDADES;NOV 2020;MÉDICO REUMATOLOGISTA;12;4;48;;4;;48;0
REDE ASSIST. D.A. V. PRUDENTE/S. LUCAS  DA STS V. PRUDENTE/SAPOPEMBA - TA-039/2020 A TA-041/2020;SPDM - ASSOCIAÇÃO PAULISTA PARA O DESENVOLVIMENTO DA MEDICINA;AMA ESPECIALIDADES JARDIM GUAIRACÁ;AMA - ESPECIALIDADES;NOV 2020;MÉDICO UROLOGISTA;12;3;36;;3;;36;0
REDE ASSIST. D.A. V. PRUDENTE/S. LUCAS  DA STS V. PRUDENTE/SAPOPEMBA - TA-039/2020 A TA-041/2020;SPDM - ASSOCIAÇÃO PAULISTA PARA O DESENVOLVIMENTO DA MEDICINA;AMA/UBS INTEGRADA VILA CALIFÓRNIA - ZEILIVAL BRUSCAGIN;AMA - ASSISTÊNCIA MÉDICA AMBULATORIAL;NOV 2020;MÉDICO CLÍNICO;6;;;;1;;6;6
REDE ASSIST. D.A. V. PRUDENTE/S. LUCAS  DA STS V. PRUDENTE/SAPOPEMBA - TA-039/2020 A TA-041/2020;SPDM - ASSOCIAÇÃO PAULISTA PARA O DESENVOLVIMENTO DA MEDICINA;AMA/UBS INTEGRADA VILA CALIFÓRNIA - ZEILIVAL BRUSCAGIN;AMA - ASSISTÊNCIA MÉDICA AMBULATORIAL;NOV 2020;MÉDICO CLÍNICO;12;11;132;;9;;108;-24
REDE ASSIST. D.A. V. PRUDENTE/S. LUCAS  DA STS V. PRUDENTE/SAPOPEMBA - TA-039/2020 A TA-041/2020;SPDM - ASSOCIAÇÃO PAULISTA PARA O DESENVOLVIMENTO DA MEDICINA;AMA/UBS INTEGRADA VILA CALIFÓRNIA - ZEILIVAL BRUSCAGIN;AMA - ASSISTÊNCIA MÉDICA AMBULATORIAL;NOV 2020;MÉDICO PEDIATRA;12;6;72;;5;;60;-12
REDE ASSIST. D.A. V. PRUDENTE/S. LUCAS  DA STS V. PRUDENTE/SAPOPEMBA - TA-039/2020 A TA-041/2020;SPDM - ASSOCIAÇÃO PAULISTA PARA O DESENVOLVIMENTO DA MEDICINA;AMA/UBS INTEGRADA VILA CALIFÓRNIA - ZEILIVAL BRUSCAGIN;ESF - ESTRATÉGIA SAÚDE DA FAMILIA;NOV 2020;AGENTE COMUNITÁRIO DE SAÚDE;40;20;800;;13;;520;-280
REDE ASSIST. D.A. V. PRUDENTE/S. LUCAS  DA STS V. PRUDENTE/SAPOPEMBA - TA-039/2020 A TA-041/2020;SPDM - ASSOCIAÇÃO PAULISTA PARA O DESENVOLVIMENTO DA MEDICINA;AMA/UBS INTEGRADA VILA CALIFÓRNIA - ZEILIVAL BRUSCAGIN;ESF - ESTRATÉGIA SAÚDE DA FAMILIA;NOV 2020;AUXILIAR DE SAÚDE BUCAL;30;;;;1;;30;30
REDE ASSIST. D.A. V. PRUDENTE/S. LUCAS  DA STS V. PRUDENTE/SAPOPEMBA - TA-039/2020 A TA-041/2020;SPDM - ASSOCIAÇÃO PAULISTA PARA O DESENVOLVIMENTO DA MEDICINA;AMA/UBS INTEGRADA VILA CALIFÓRNIA - ZEILIVAL BRUSCAGIN;ESF - ESTRATÉGIA SAÚDE DA FAMILIA;NOV 2020;AUXILIAR DE SAÚDE BUCAL;40;2;80;;1;;40;-40
REDE ASSIST. D.A. V. PRUDENTE/S. LUCAS  DA STS V. PRUDENTE/SAPOPEMBA - TA-039/2020 A TA-041/2020;SPDM - ASSOCIAÇÃO PAULISTA PARA O DESENVOLVIMENTO DA MEDICINA;AMA/UBS INTEGRADA VILA CALIFÓRNIA - ZEILIVAL BRUSCAGIN;ESF - ESTRATÉGIA SAÚDE DA FAMILIA;NOV 2020;DENTISTA;20;2;40;2;;;40;0
REDE ASSIST. D.A. V. PRUDENTE/S. LUCAS  DA STS V. PRUDENTE/SAPOPEMBA - TA-039/2020 A TA-041/2020;SPDM - ASSOCIAÇÃO PAULISTA PARA O DESENVOLVIMENTO DA MEDICINA;AMA/UBS INTEGRADA VILA CALIFÓRNIA - ZEILIVAL BRUSCAGIN;ESF - ESTRATÉGIA SAÚDE DA FAMILIA;NOV 2020;DENTISTA;40;2;80;;2;;80;0
REDE ASSIST. D.A. V. PRUDENTE/S. LUCAS  DA STS V. PRUDENTE/SAPOPEMBA - TA-039/2020 A TA-041/2020;SPDM - ASSOCIAÇÃO PAULISTA PARA O DESENVOLVIMENTO DA MEDICINA;AMA/UBS INTEGRADA VILA CALIFÓRNIA - ZEILIVAL BRUSCAGIN;ESF - ESTRATÉGIA SAÚDE DA FAMILIA;NOV 2020;ENFERMEIRO;40;4;160;;3;;120;-40
REDE ASSIST. D.A. V. PRUDENTE/S. LUCAS  DA STS V. PRUDENTE/SAPOPEMBA - TA-039/2020 A TA-041/2020;SPDM - ASSOCIAÇÃO PAULISTA PARA O DESENVOLVIMENTO DA MEDICINA;AMA/UBS INTEGRADA VILA CALIFÓRNIA - ZEILIVAL BRUSCAGIN;ESF - ESTRATÉGIA SAÚDE DA FAMILIA;NOV 2020;FARMACÊUTICO;40;1;40;;1;;40;0
REDE ASSIST. D.A. V. PRUDENTE/S. LUCAS  DA STS V. PRUDENTE/SAPOPEMBA - TA-039/2020 A TA-041/2020;SPDM - ASSOCIAÇÃO PAULISTA PARA O DESENVOLVIMENTO DA MEDICINA;AMA/UBS INTEGRADA VILA CALIFÓRNIA - ZEILIVAL BRUSCAGIN;ESF - ESTRATÉGIA SAÚDE DA FAMILIA;NOV 2020;MÉDICO GENERALISTA;40;4;160;;2;;80;-80
REDE ASSIST. D.A. V. PRUDENTE/S. LUCAS  DA STS V. PRUDENTE/SAPOPEMBA - TA-039/2020 A TA-041/2020;SPDM - ASSOCIAÇÃO PAULISTA PARA O DESENVOLVIMENTO DA MEDICINA;AMA/UBS INTEGRADA VILA CALIFÓRNIA - ZEILIVAL BRUSCAGIN;PAI  - PROGRAMA DE ACOMPANHANTE DE IDOSO;NOV 2020;ACOMPANHANTE DE IDOSO;40;10;400;;10;;400;0
REDE ASSIST. D.A. V. PRUDENTE/S. LUCAS  DA STS V. PRUDENTE/SAPOPEMBA - TA-039/2020 A TA-041/2020;SPDM - ASSOCIAÇÃO PAULISTA PARA O DESENVOLVIMENTO DA MEDICINA;AMA/UBS INTEGRADA VILA CALIFÓRNIA - ZEILIVAL BRUSCAGIN;PAI  - PROGRAMA DE ACOMPANHANTE DE IDOSO;NOV 2020;AUXILIAR DE ENFERMAGEM;40;2;80;;2;;80;0
REDE ASSIST. D.A. V. PRUDENTE/S. LUCAS  DA STS V. PRUDENTE/SAPOPEMBA - TA-039/2020 A TA-041/2020;SPDM - ASSOCIAÇÃO PAULISTA PARA O DESENVOLVIMENTO DA MEDICINA;AMA/UBS INTEGRADA VILA CALIFÓRNIA - ZEILIVAL BRUSCAGIN;PAI  - PROGRAMA DE ACOMPANHANTE DE IDOSO;NOV 2020;ENFERMEIRO;40;1;40;;1;;40;0
REDE ASSIST. D.A. V. PRUDENTE/S. LUCAS  DA STS V. PRUDENTE/SAPOPEMBA - TA-039/2020 A TA-041/2020;SPDM - ASSOCIAÇÃO PAULISTA PARA O DESENVOLVIMENTO DA MEDICINA;AMA/UBS INTEGRADA VILA CALIFÓRNIA - ZEILIVAL BRUSCAGIN;PAI  - PROGRAMA DE ACOMPANHANTE DE IDOSO;NOV 2020;MÉDICO GERIATRA;20;1;20;;1;;20;0
REDE ASSIST. D.A. V. PRUDENTE/S. LUCAS  DA STS V. PRUDENTE/SAPOPEMBA - TA-039/2020 A TA-041/2020;SPDM - ASSOCIAÇÃO PAULISTA PARA O DESENVOLVIMENTO DA MEDICINA;AMA/UBS INTEGRADA VILA CALIFÓRNIA - ZEILIVAL BRUSCAGIN;PAI  - PROGRAMA DE ACOMPANHANTE DE IDOSO;NOV 2020;SUPERVISOR DE EQUIPE;40;1;40;;1;;40;0
REDE ASSIST. D.A. V. PRUDENTE/S. LUCAS  DA STS V. PRUDENTE/SAPOPEMBA - TA-039/2020 A TA-041/2020;SPDM - ASSOCIAÇÃO PAULISTA PARA O DESENVOLVIMENTO DA MEDICINA;CAPS INFANTIL II VILA PRUDENTE;CAPS II INFANTO JUVENIL;NOV 2020;ASSISTENTE SOCIAL;30;2;60;;2;;60;0
REDE ASSIST. D.A. V. PRUDENTE/S. LUCAS  DA STS V. PRUDENTE/SAPOPEMBA - TA-039/2020 A TA-041/2020;SPDM - ASSOCIAÇÃO PAULISTA PARA O DESENVOLVIMENTO DA MEDICINA;CAPS INFANTIL II VILA PRUDENTE;CAPS II INFANTO JUVENIL;NOV 2020;AUXILIAR DE ENFERMAGEM;30;4;120;;4;;120;0
REDE ASSIST. D.A. V. PRUDENTE/S. LUCAS  DA STS V. PRUDENTE/SAPOPEMBA - TA-039/2020 A TA-041/2020;SPDM - ASSOCIAÇÃO PAULISTA PARA O DESENVOLVIMENTO DA MEDICINA;CAPS INFANTIL II VILA PRUDENTE;CAPS II INFANTO JUVENIL;NOV 2020;AUXILIAR TÉCNICO/ASSISTENTE ADMINISTRATIVO;40;2;80;;2;;80;0
REDE ASSIST. D.A. V. PRUDENTE/S. LUCAS  DA STS V. PRUDENTE/SAPOPEMBA - TA-039/2020 A TA-041/2020;SPDM - ASSOCIAÇÃO PAULISTA PARA O DESENVOLVIMENTO DA MEDICINA;CAPS INFANTIL II VILA PRUDENTE;CAPS II INFANTO JUVENIL;NOV 2020;ENFERMEIRO;40;2;80;;2;;80;0
REDE ASSIST. D.A. V. PRUDENTE/S. LUCAS  DA STS V. PRUDENTE/SAPOPEMBA - TA-039/2020 A TA-041/2020;SPDM - ASSOCIAÇÃO PAULISTA PARA O DESENVOLVIMENTO DA MEDICINA;CAPS INFANTIL II VILA PRUDENTE;CAPS II INFANTO JUVENIL;NOV 2020;FARMACÊUTICO;40;1;40;;1;;40;0
REDE ASSIST. D.A. V. PRUDENTE/S. LUCAS  DA STS V. PRUDENTE/SAPOPEMBA - TA-039/2020 A TA-041/2020;SPDM - ASSOCIAÇÃO PAULISTA PARA O DESENVOLVIMENTO DA MEDICINA;CAPS INFANTIL II VILA PRUDENTE;CAPS II INFANTO JUVENIL;NOV 2020;FONOAUDIÓLOGO;40;1;40;;1;;40;0
REDE ASSIST. D.A. V. PRUDENTE/S. LUCAS  DA STS V. PRUDENTE/SAPOPEMBA - TA-039/2020 A TA-041/2020;SPDM - ASSOCIAÇÃO PAULISTA PARA O DESENVOLVIMENTO DA MEDICINA;CAPS INFANTIL II VILA PRUDENTE;CAPS II INFANTO JUVENIL;NOV 2020;MÉDICO PEDIATRA;20;1;20;;1;;20;0
REDE ASSIST. D.A. V. PRUDENTE/S. LUCAS  DA STS V. PRUDENTE/SAPOPEMBA - TA-039/2020 A TA-041/2020;SPDM - ASSOCIAÇÃO PAULISTA PARA O DESENVOLVIMENTO DA MEDICINA;CAPS INFANTIL II VILA PRUDENTE;CAPS II INFANTO JUVENIL;NOV 2020;MÉDICO PSIQUIATRA;20;2;40;;2;;40;0
REDE ASSIST. D.A. V. PRUDENTE/S. LUCAS  DA STS V. PRUDENTE/SAPOPEMBA - TA-039/2020 A TA-041/2020;SPDM - ASSOCIAÇÃO PAULISTA PARA O DESENVOLVIMENTO DA MEDICINA;CAPS INFANTIL II VILA PRUDENTE;CAPS II INFANTO JUVENIL;NOV 2020;PSICÓLOGO;40;2;80;;2;;80;0
REDE ASSIST. D.A. V. PRUDENTE/S. LUCAS  DA STS V. PRUDENTE/SAPOPEMBA - TA-039/2020 A TA-041/2020;SPDM - ASSOCIAÇÃO PAULISTA PARA O DESENVOLVIMENTO DA MEDICINA;CAPS INFANTIL II VILA PRUDENTE;CAPS II INFANTO JUVENIL;NOV 2020;SUPERVISOR DE EQUIPE;40;1;40;;1;;40;0
REDE ASSIST. D.A. V. PRUDENTE/S. LUCAS  DA STS V. PRUDENTE/SAPOPEMBA - TA-039/2020 A TA-041/2020;SPDM - ASSOCIAÇÃO PAULISTA PARA O DESENVOLVIMENTO DA MEDICINA;CAPS INFANTIL II VILA PRUDENTE;CAPS II INFANTO JUVENIL;NOV 2020;TERAPEUTA OCUPACIONAL;30;3;90;;3;;90;0
REDE ASSIST. D.A. V. PRUDENTE/S. LUCAS  DA STS V. PRUDENTE/SAPOPEMBA - TA-039/2020 A TA-041/2020;SPDM - ASSOCIAÇÃO PAULISTA PARA O DESENVOLVIMENTO DA MEDICINA;CASA DO PARTO DE SAPOPEMBA;ASSISTENCIA MATERNO INFANTIL;NOV 2020;AUXILIAR DE ENFERMAGEM;36;7;252;;7;;252;0
REDE ASSIST. D.A. V. PRUDENTE/S. LUCAS  DA STS V. PRUDENTE/SAPOPEMBA - TA-039/2020 A TA-041/2020;SPDM - ASSOCIAÇÃO PAULISTA PARA O DESENVOLVIMENTO DA MEDICINA;CASA DO PARTO DE SAPOPEMBA;ASSISTENCIA MATERNO INFANTIL;NOV 2020;ENFERMEIRO;36;8;288;;8;;288;0
REDE ASSIST. D.A. V. PRUDENTE/S. LUCAS  DA STS V. PRUDENTE/SAPOPEMBA - TA-039/2020 A TA-041/2020;SPDM - ASSOCIAÇÃO PAULISTA PARA O DESENVOLVIMENTO DA MEDICINA;CER II VILA PRUDENTE;APD - ACOMPANHANTE COMUNITÁRIO DE PESSOA COM DEFICIÊNCIA;NOV 2020;ACOMPANHANTE DA PESSOA COM DEFICIÊNCIA;40;10;400;;10;;400;0
REDE ASSIST. D.A. V. PRUDENTE/S. LUCAS  DA STS V. PRUDENTE/SAPOPEMBA - TA-039/2020 A TA-041/2020;SPDM - ASSOCIAÇÃO PAULISTA PARA O DESENVOLVIMENTO DA MEDICINA;CER II VILA PRUDENTE;APD - ACOMPANHANTE COMUNITÁRIO DE PESSOA COM DEFICIÊNCIA;NOV 2020;FONOAUDIÓLOGO;40;1;40;;1;;40;0
REDE ASSIST. D.A. V. PRUDENTE/S. LUCAS  DA STS V. PRUDENTE/SAPOPEMBA - TA-039/2020 A TA-041/2020;SPDM - ASSOCIAÇÃO PAULISTA PARA O DESENVOLVIMENTO DA MEDICINA;CER II VILA PRUDENTE;APD - ACOMPANHANTE COMUNITÁRIO DE PESSOA COM DEFICIÊNCIA;NOV 2020;PSICÓLOGO;40;1;40;;1;;40;0
REDE ASSIST. D.A. V. PRUDENTE/S. LUCAS  DA STS V. PRUDENTE/SAPOPEMBA - TA-039/2020 A TA-041/2020;SPDM - ASSOCIAÇÃO PAULISTA PARA O DESENVOLVIMENTO DA MEDICINA;CER II VILA PRUDENTE;APD - ACOMPANHANTE COMUNITÁRIO DE PESSOA COM DEFICIÊNCIA;NOV 2020;SUPERVISOR DE EQUIPE;40;1;40;;1;;40;0
REDE ASSIST. D.A. V. PRUDENTE/S. LUCAS  DA STS V. PRUDENTE/SAPOPEMBA - TA-039/2020 A TA-041/2020;SPDM - ASSOCIAÇÃO PAULISTA PARA O DESENVOLVIMENTO DA MEDICINA;CER II VILA PRUDENTE;APD - ACOMPANHANTE COMUNITÁRIO DE PESSOA COM DEFICIÊNCIA;NOV 2020;TERAPEUTA OCUPACIONAL;30;1;30;;1;;30;0
REDE ASSIST. D.A. V. PRUDENTE/S. LUCAS  DA STS V. PRUDENTE/SAPOPEMBA - TA-039/2020 A TA-041/2020;SPDM - ASSOCIAÇÃO PAULISTA PARA O DESENVOLVIMENTO DA MEDICINA;HOSPITAL DIA VILA PRUDENTE;HORA CERTA;NOV 2020;ASSISTENTE SOCIAL;30;2;60;;2;;60;0
REDE ASSIST. D.A. V. PRUDENTE/S. LUCAS  DA STS V. PRUDENTE/SAPOPEMBA - TA-039/2020 A TA-041/2020;SPDM - ASSOCIAÇÃO PAULISTA PARA O DESENVOLVIMENTO DA MEDICINA;HOSPITAL DIA VILA PRUDENTE;HORA CERTA;NOV 2020;ENFERMEIRO;36;6;216;;7;;252;36
REDE ASSIST. D.A. V. PRUDENTE/S. LUCAS  DA STS V. PRUDENTE/SAPOPEMBA - TA-039/2020 A TA-041/2020;SPDM - ASSOCIAÇÃO PAULISTA PARA O DESENVOLVIMENTO DA MEDICINA;HOSPITAL DIA VILA PRUDENTE;HORA CERTA;NOV 2020;ENFERMEIRO;40;3;120;;2;;80;-40
REDE ASSIST. D.A. V. PRUDENTE/S. LUCAS  DA STS V. PRUDENTE/SAPOPEMBA - TA-039/2020 A TA-041/2020;SPDM - ASSOCIAÇÃO PAULISTA PARA O DESENVOLVIMENTO DA MEDICINA;HOSPITAL DIA VILA PRUDENTE;HORA CERTA;NOV 2020;FARMACÊUTICO;36;2;72;;2;;72;0
REDE ASSIST. D.A. V. PRUDENTE/S. LUCAS  DA STS V. PRUDENTE/SAPOPEMBA - TA-039/2020 A TA-041/2020;SPDM - ASSOCIAÇÃO PAULISTA PARA O DESENVOLVIMENTO DA MEDICINA;HOSPITAL DIA VILA PRUDENTE;HORA CERTA;NOV 2020;FARMACÊUTICO;40;1;40;;1;;40;0
REDE ASSIST. D.A. V. PRUDENTE/S. LUCAS  DA STS V. PRUDENTE/SAPOPEMBA - TA-039/2020 A TA-041/2020;SPDM - ASSOCIAÇÃO PAULISTA PARA O DESENVOLVIMENTO DA MEDICINA;HOSPITAL DIA VILA PRUDENTE;HORA CERTA;NOV 2020;MÉDICO ACUPUNTURISTA;12;3;36;;3;;36;0
REDE ASSIST. D.A. V. PRUDENTE/S. LUCAS  DA STS V. PRUDENTE/SAPOPEMBA - TA-039/2020 A TA-041/2020;SPDM - ASSOCIAÇÃO PAULISTA PARA O DESENVOLVIMENTO DA MEDICINA;HOSPITAL DIA VILA PRUDENTE;HORA CERTA;NOV 2020;MÉDICO ACUPUNTURISTA;20;1;20;;1;;20;0
REDE ASSIST. D.A. V. PRUDENTE/S. LUCAS  DA STS V. PRUDENTE/SAPOPEMBA - TA-039/2020 A TA-041/2020;SPDM - ASSOCIAÇÃO PAULISTA PARA O DESENVOLVIMENTO DA MEDICINA;HOSPITAL DIA VILA PRUDENTE;HORA CERTA;NOV 2020;MÉDICO ANGIOLOGISTA;12;1;12;;1;;12;0
REDE ASSIST. D.A. V. PRUDENTE/S. LUCAS  DA STS V. PRUDENTE/SAPOPEMBA - TA-039/2020 A TA-041/2020;SPDM - ASSOCIAÇÃO PAULISTA PARA O DESENVOLVIMENTO DA MEDICINA;HOSPITAL DIA VILA PRUDENTE;HORA CERTA;NOV 2020;MÉDICO CARDIOLOGISTA;12;4;48;;4;;48;0
REDE ASSIST. D.A. V. PRUDENTE/S. LUCAS  DA STS V. PRUDENTE/SAPOPEMBA - TA-039/2020 A TA-041/2020;SPDM - ASSOCIAÇÃO PAULISTA PARA O DESENVOLVIMENTO DA MEDICINA;HOSPITAL DIA VILA PRUDENTE;HORA CERTA;NOV 2020;MÉDICO CIRURGIÃO GERAL;12;1;12;;1;;12;0
REDE ASSIST. D.A. V. PRUDENTE/S. LUCAS  DA STS V. PRUDENTE/SAPOPEMBA - TA-039/2020 A TA-041/2020;SPDM - ASSOCIAÇÃO PAULISTA PARA O DESENVOLVIMENTO DA MEDICINA;HOSPITAL DIA VILA PRUDENTE;HORA CERTA;NOV 2020;MÉDICO CIRURGIAO ORTOPEDISTA E TRAUMATOLOGISTA;6;1;6;;1;;6;0
REDE ASSIST. D.A. V. PRUDENTE/S. LUCAS  DA STS V. PRUDENTE/SAPOPEMBA - TA-039/2020 A TA-041/2020;SPDM - ASSOCIAÇÃO PAULISTA PARA O DESENVOLVIMENTO DA MEDICINA;HOSPITAL DIA VILA PRUDENTE;HORA CERTA;NOV 2020;MÉDICO CIRURGIÃO PEDIÁTRICO;12;1;12;;1;;12;0
REDE ASSIST. D.A. V. PRUDENTE/S. LUCAS  DA STS V. PRUDENTE/SAPOPEMBA - TA-039/2020 A TA-041/2020;SPDM - ASSOCIAÇÃO PAULISTA PARA O DESENVOLVIMENTO DA MEDICINA;HOSPITAL DIA VILA PRUDENTE;HORA CERTA;NOV 2020;MÉDICO CIRURGIÃO PROCTOLOGISTA;12;1;12;;1;;12;0
REDE ASSIST. D.A. V. PRUDENTE/S. LUCAS  DA STS V. PRUDENTE/SAPOPEMBA - TA-039/2020 A TA-041/2020;SPDM - ASSOCIAÇÃO PAULISTA PARA O DESENVOLVIMENTO DA MEDICINA;HOSPITAL DIA VILA PRUDENTE;HORA CERTA;NOV 2020;MÉDICO CIRURGIÃO UROLÓGICA;12;1;12;;1;;12;0
REDE ASSIST. D.A. V. PRUDENTE/S. LUCAS  DA STS V. PRUDENTE/SAPOPEMBA - TA-039/2020 A TA-041/2020;SPDM - ASSOCIAÇÃO PAULISTA PARA O DESENVOLVIMENTO DA MEDICINA;HOSPITAL DIA VILA PRUDENTE;HORA CERTA;NOV 2020;MÉDICO CIRURGIÃO VASCULAR;12;1;12;;1;;12;0
REDE ASSIST. D.A. V. PRUDENTE/S. LUCAS  DA STS V. PRUDENTE/SAPOPEMBA - TA-039/2020 A TA-041/2020;SPDM - ASSOCIAÇÃO PAULISTA PARA O DESENVOLVIMENTO DA MEDICINA;HOSPITAL DIA VILA PRUDENTE;HORA CERTA;NOV 2020;MÉDICO DERMATOLOGISTA;12;4;48;;3;;36;-12
REDE ASSIST. D.A. V. PRUDENTE/S. LUCAS  DA STS V. PRUDENTE/SAPOPEMBA - TA-039/2020 A TA-041/2020;SPDM - ASSOCIAÇÃO PAULISTA PARA O DESENVOLVIMENTO DA MEDICINA;HOSPITAL DIA VILA PRUDENTE;HORA CERTA;NOV 2020;MÉDICO ENDOCRINOLOGISTA;12;1;12;;1;;12;0
REDE ASSIST. D.A. V. PRUDENTE/S. LUCAS  DA STS V. PRUDENTE/SAPOPEMBA - TA-039/2020 A TA-041/2020;SPDM - ASSOCIAÇÃO PAULISTA PARA O DESENVOLVIMENTO DA MEDICINA;HOSPITAL DIA VILA PRUDENTE;HORA CERTA;NOV 2020;MÉDICO GASTROENTEROLOGISTA;20;1;20;1;;;20;0
REDE ASSIST. D.A. V. PRUDENTE/S. LUCAS  DA STS V. PRUDENTE/SAPOPEMBA - TA-039/2020 A TA-041/2020;SPDM - ASSOCIAÇÃO PAULISTA PARA O DESENVOLVIMENTO DA MEDICINA;HOSPITAL DIA VILA PRUDENTE;HORA CERTA;NOV 2020;MÉDICO GASTROENTEROLOGISTA;12;2;24;;2;;24;0
REDE ASSIST. D.A. V. PRUDENTE/S. LUCAS  DA STS V. PRUDENTE/SAPOPEMBA - TA-039/2020 A TA-041/2020;SPDM - ASSOCIAÇÃO PAULISTA PARA O DESENVOLVIMENTO DA MEDICINA;HOSPITAL DIA VILA PRUDENTE;HORA CERTA;NOV 2020;MÉDICO GINECOLOGISTA E OBSTETRA;12;1;12;;1;;12;0
REDE ASSIST. D.A. V. PRUDENTE/S. LUCAS  DA STS V. PRUDENTE/SAPOPEMBA - TA-039/2020 A TA-041/2020;SPDM - ASSOCIAÇÃO PAULISTA PARA O DESENVOLVIMENTO DA MEDICINA;HOSPITAL DIA VILA PRUDENTE;HORA CERTA;NOV 2020;MÉDICO GINECO-OBSTETRA ALTO-RISCO;12;1;12;;0;;0;-12
REDE ASSIST. D.A. V. PRUDENTE/S. LUCAS  DA STS V. PRUDENTE/SAPOPEMBA - TA-039/2020 A TA-041/2020;SPDM - ASSOCIAÇÃO PAULISTA PARA O DESENVOLVIMENTO DA MEDICINA;HOSPITAL DIA VILA PRUDENTE;HORA CERTA;NOV 2020;MÉDICO HEMATOLOGISTA;6;1;6;;1;;6;0
REDE ASSIST. D.A. V. PRUDENTE/S. LUCAS  DA STS V. PRUDENTE/SAPOPEMBA - TA-039/2020 A TA-041/2020;SPDM - ASSOCIAÇÃO PAULISTA PARA O DESENVOLVIMENTO DA MEDICINA;HOSPITAL DIA VILA PRUDENTE;HORA CERTA;NOV 2020;MÉDICO HEMATOLOGISTA;12;2;24;;2;;24;0
REDE ASSIST. D.A. V. PRUDENTE/S. LUCAS  DA STS V. PRUDENTE/SAPOPEMBA - TA-039/2020 A TA-041/2020;SPDM - ASSOCIAÇÃO PAULISTA PARA O DESENVOLVIMENTO DA MEDICINA;HOSPITAL DIA VILA PRUDENTE;HORA CERTA;NOV 2020;MÉDICO INFECTOLOGISTA;12;2;24;;2;;24;0
REDE ASSIST. D.A. V. PRUDENTE/S. LUCAS  DA STS V. PRUDENTE/SAPOPEMBA - TA-039/2020 A TA-041/2020;SPDM - ASSOCIAÇÃO PAULISTA PARA O DESENVOLVIMENTO DA MEDICINA;HOSPITAL DIA VILA PRUDENTE;HORA CERTA;NOV 2020;MÉDICO MASTOLOGISTA;12;1;12;;1;;12;0
REDE ASSIST. D.A. V. PRUDENTE/S. LUCAS  DA STS V. PRUDENTE/SAPOPEMBA - TA-039/2020 A TA-041/2020;SPDM - ASSOCIAÇÃO PAULISTA PARA O DESENVOLVIMENTO DA MEDICINA;HOSPITAL DIA VILA PRUDENTE;HORA CERTA;NOV 2020;MÉDICO NEFROLOGISTA;6;1;6;;1;;6;0
REDE ASSIST. D.A. V. PRUDENTE/S. LUCAS  DA STS V. PRUDENTE/SAPOPEMBA - TA-039/2020 A TA-041/2020;SPDM - ASSOCIAÇÃO PAULISTA PARA O DESENVOLVIMENTO DA MEDICINA;HOSPITAL DIA VILA PRUDENTE;HORA CERTA;NOV 2020;MÉDICO OFTALMOLOGISTA;20;2;40;1;1;;40;0
REDE ASSIST. D.A. V. PRUDENTE/S. LUCAS  DA STS V. PRUDENTE/SAPOPEMBA - TA-039/2020 A TA-041/2020;SPDM - ASSOCIAÇÃO PAULISTA PARA O DESENVOLVIMENTO DA MEDICINA;HOSPITAL DIA VILA PRUDENTE;HORA CERTA;NOV 2020;MÉDICO OFTALMOLOGISTA;12;1;12;;1;;12;0
REDE ASSIST. D.A. V. PRUDENTE/S. LUCAS  DA STS V. PRUDENTE/SAPOPEMBA - TA-039/2020 A TA-041/2020;SPDM - ASSOCIAÇÃO PAULISTA PARA O DESENVOLVIMENTO DA MEDICINA;HOSPITAL DIA VILA PRUDENTE;HORA CERTA;NOV 2020;MÉDICO ORTOPEDISTA E TRAUMATOLOGISTA;6;1;6;;1;;6;0
REDE ASSIST. D.A. V. PRUDENTE/S. LUCAS  DA STS V. PRUDENTE/SAPOPEMBA - TA-039/2020 A TA-041/2020;SPDM - ASSOCIAÇÃO PAULISTA PARA O DESENVOLVIMENTO DA MEDICINA;HOSPITAL DIA VILA PRUDENTE;HORA CERTA;NOV 2020;MÉDICO ORTOPEDISTA E TRAUMATOLOGISTA;12;5;60;;5;;60;0
REDE ASSIST. D.A. V. PRUDENTE/S. LUCAS  DA STS V. PRUDENTE/SAPOPEMBA - TA-039/2020 A TA-041/2020;SPDM - ASSOCIAÇÃO PAULISTA PARA O DESENVOLVIMENTO DA MEDICINA;HOSPITAL DIA VILA PRUDENTE;HORA CERTA;NOV 2020;MÉDICO OTORRINOLARINGOLOGISTA;12;3;36;;3;;36;0
REDE ASSIST. D.A. V. PRUDENTE/S. LUCAS  DA STS V. PRUDENTE/SAPOPEMBA - TA-039/2020 A TA-041/2020;SPDM - ASSOCIAÇÃO PAULISTA PARA O DESENVOLVIMENTO DA MEDICINA;HOSPITAL DIA VILA PRUDENTE;HORA CERTA;NOV 2020;MÉDICO PNEUMOLOGISTA;12;2;24;;2;;24;0
REDE ASSIST. D.A. V. PRUDENTE/S. LUCAS  DA STS V. PRUDENTE/SAPOPEMBA - TA-039/2020 A TA-041/2020;SPDM - ASSOCIAÇÃO PAULISTA PARA O DESENVOLVIMENTO DA MEDICINA;HOSPITAL DIA VILA PRUDENTE;HORA CERTA;NOV 2020;MÉDICO PROCTOLOGISTA;12;1;12;;1;;12;0
REDE ASSIST. D.A. V. PRUDENTE/S. LUCAS  DA STS V. PRUDENTE/SAPOPEMBA - TA-039/2020 A TA-041/2020;SPDM - ASSOCIAÇÃO PAULISTA PARA O DESENVOLVIMENTO DA MEDICINA;HOSPITAL DIA VILA PRUDENTE;HORA CERTA;NOV 2020;MÉDICO UROLOGISTA;12;3;36;;2;;24;-12
REDE ASSIST. D.A. V. PRUDENTE/S. LUCAS  DA STS V. PRUDENTE/SAPOPEMBA - TA-039/2020 A TA-041/2020;SPDM - ASSOCIAÇÃO PAULISTA PARA O DESENVOLVIMENTO DA MEDICINA;HOSPITAL DIA VILA PRUDENTE;HORA CERTA;NOV 2020;MÉDICO UROLOGISTA;20;1;20;1;;;20;0
REDE ASSIST. D.A. V. PRUDENTE/S. LUCAS  DA STS V. PRUDENTE/SAPOPEMBA - TA-039/2020 A TA-041/2020;SPDM - ASSOCIAÇÃO PAULISTA PARA O DESENVOLVIMENTO DA MEDICINA;RESIDÊNCIA TERAPÊUTICA VILA PRUDENTE I - FEMININO;SRT I - SERVIÇO RESIDENCIAL TERAPÊUTICO I;NOV 2020;CUIDADOR;36;8;288;;8;;288;0
REDE ASSIST. D.A. V. PRUDENTE/S. LUCAS  DA STS V. PRUDENTE/SAPOPEMBA - TA-039/2020 A TA-041/2020;SPDM - ASSOCIAÇÃO PAULISTA PARA O DESENVOLVIMENTO DA MEDICINA;RESIDÊNCIA TERAPÊUTICA VILA PRUDENTE I - FEMININO;SRT I - SERVIÇO RESIDENCIAL TERAPÊUTICO I;NOV 2020;SUPERVISOR DE EQUIPE;20;1;20;;1;;20;0
REDE ASSIST. D.A. V. PRUDENTE/S. LUCAS  DA STS V. PRUDENTE/SAPOPEMBA - TA-039/2020 A TA-041/2020;SPDM - ASSOCIAÇÃO PAULISTA PARA O DESENVOLVIMENTO DA MEDICINA;RESIDÊNCIA TERAPÊUTICA VILA PRUDENTE I - FEMININO;SRT I - SERVIÇO RESIDENCIAL TERAPÊUTICO I;NOV 2020;TÉCNICO DE ENFERMAGEM;40;1;40;;1;;40;0
REDE ASSIST. D.A. V. PRUDENTE/S. LUCAS  DA STS V. PRUDENTE/SAPOPEMBA - TA-039/2020 A TA-041/2020;SPDM - ASSOCIAÇÃO PAULISTA PARA O DESENVOLVIMENTO DA MEDICINA;RESIDÊNCIA TERAPÊUTICA VILA PRUDENTE II - MASCULINO;SRT II - SERVIÇO RESIDENCIAL TERAPÊUTICO II;NOV 2020;CUIDADOR;36;8;288;;8;;288;0
REDE ASSIST. D.A. V. PRUDENTE/S. LUCAS  DA STS V. PRUDENTE/SAPOPEMBA - TA-039/2020 A TA-041/2020;SPDM - ASSOCIAÇÃO PAULISTA PARA O DESENVOLVIMENTO DA MEDICINA;RESIDÊNCIA TERAPÊUTICA VILA PRUDENTE II - MASCULINO;SRT II - SERVIÇO RESIDENCIAL TERAPÊUTICO II;NOV 2020;SUPERVISOR DE EQUIPE;20;1;20;;1;;20;0
REDE ASSIST. D.A. V. PRUDENTE/S. LUCAS  DA STS V. PRUDENTE/SAPOPEMBA - TA-039/2020 A TA-041/2020;SPDM - ASSOCIAÇÃO PAULISTA PARA O DESENVOLVIMENTO DA MEDICINA;RESIDÊNCIA TERAPÊUTICA VILA PRUDENTE II - MASCULINO;SRT II - SERVIÇO RESIDENCIAL TERAPÊUTICO II;NOV 2020;TÉCNICO DE ENFERMAGEM;40;1;40;;1;;40;0
REDE ASSIST. D.A. V. PRUDENTE/S. LUCAS  DA STS V. PRUDENTE/SAPOPEMBA - TA-039/2020 A TA-041/2020;SPDM - ASSOCIAÇÃO PAULISTA PARA O DESENVOLVIMENTO DA MEDICINA;UBS JARDIM GUAIRACÁ;ESF - ESTRATÉGIA SAÚDE DA FAMILIA;NOV 2020;AGENTE COMUNITÁRIO DE SAÚDE;40;35;1400;;35;;1400;0
REDE ASSIST. D.A. V. PRUDENTE/S. LUCAS  DA STS V. PRUDENTE/SAPOPEMBA - TA-039/2020 A TA-041/2020;SPDM - ASSOCIAÇÃO PAULISTA PARA O DESENVOLVIMENTO DA MEDICINA;UBS JARDIM GUAIRACÁ;ESF - ESTRATÉGIA SAÚDE DA FAMILIA;NOV 2020;AUXILIAR DE SAÚDE BUCAL;40;3;120;;3;;120;0
REDE ASSIST. D.A. V. PRUDENTE/S. LUCAS  DA STS V. PRUDENTE/SAPOPEMBA - TA-039/2020 A TA-041/2020;SPDM - ASSOCIAÇÃO PAULISTA PARA O DESENVOLVIMENTO DA MEDICINA;UBS JARDIM GUAIRACÁ;ESF - ESTRATÉGIA SAÚDE DA FAMILIA;NOV 2020;DENTISTA;40;3;120;;3;;120;0
REDE ASSIST. D.A. V. PRUDENTE/S. LUCAS  DA STS V. PRUDENTE/SAPOPEMBA - TA-039/2020 A TA-041/2020;SPDM - ASSOCIAÇÃO PAULISTA PARA O DESENVOLVIMENTO DA MEDICINA;UBS JARDIM GUAIRACÁ;ESF - ESTRATÉGIA SAÚDE DA FAMILIA;NOV 2020;ENFERMEIRO;40;6;240;;6;;240;0
REDE ASSIST. D.A. V. PRUDENTE/S. LUCAS  DA STS V. PRUDENTE/SAPOPEMBA - TA-039/2020 A TA-041/2020;SPDM - ASSOCIAÇÃO PAULISTA PARA O DESENVOLVIMENTO DA MEDICINA;UBS JARDIM GUAIRACÁ;ESF - ESTRATÉGIA SAÚDE DA FAMILIA;NOV 2020;FARMACÊUTICO;40;1;40;;1;;40;0
REDE ASSIST. D.A. V. PRUDENTE/S. LUCAS  DA STS V. PRUDENTE/SAPOPEMBA - TA-039/2020 A TA-041/2020;SPDM - ASSOCIAÇÃO PAULISTA PARA O DESENVOLVIMENTO DA MEDICINA;UBS JARDIM GUAIRACÁ;ESF - ESTRATÉGIA SAÚDE DA FAMILIA;NOV 2020;MÉDICO GENERALISTA;32;2;64;2;;;64;0
REDE ASSIST. D.A. V. PRUDENTE/S. LUCAS  DA STS V. PRUDENTE/SAPOPEMBA - TA-039/2020 A TA-041/2020;SPDM - ASSOCIAÇÃO PAULISTA PARA O DESENVOLVIMENTO DA MEDICINA;UBS JARDIM GUAIRACÁ;ESF - ESTRATÉGIA SAÚDE DA FAMILIA;NOV 2020;MÉDICO GENERALISTA;40;4;160;;3;;120;-40
REDE ASSIST. D.A. V. PRUDENTE/S. LUCAS  DA STS V. PRUDENTE/SAPOPEMBA - TA-039/2020 A TA-041/2020;SPDM - ASSOCIAÇÃO PAULISTA PARA O DESENVOLVIMENTO DA MEDICINA;UBS JARDIM GUAIRACÁ;ESF - ESTRATÉGIA SAÚDE DA FAMILIA;NOV 2020;MÉDICO PSIQUIATRA;20;1;20;;1;;20;0
REDE ASSIST. D.A. V. PRUDENTE/S. LUCAS  DA STS V. PRUDENTE/SAPOPEMBA - TA-039/2020 A TA-041/2020;SPDM - ASSOCIAÇÃO PAULISTA PARA O DESENVOLVIMENTO DA MEDICINA;UBS JARDIM GUAIRACÁ;ESF - ESTRATÉGIA SAÚDE DA FAMILIA;NOV 2020;PSICÓLOGO;40;1;40;;1;;40;0
REDE ASSIST. D.A. V. PRUDENTE/S. LUCAS  DA STS V. PRUDENTE/SAPOPEMBA - TA-039/2020 A TA-041/2020;SPDM - ASSOCIAÇÃO PAULISTA PARA O DESENVOLVIMENTO DA MEDICINA;UBS JARDIM GUAIRACÁ;ESF - ESTRATÉGIA SAÚDE DA FAMILIA;NOV 2020;TÉCNICO DE SAÚDE BUCAL;40;2;80;;2;;80;0
REDE ASSIST. D.A. V. PRUDENTE/S. LUCAS  DA STS V. PRUDENTE/SAPOPEMBA - TA-039/2020 A TA-041/2020;SPDM - ASSOCIAÇÃO PAULISTA PARA O DESENVOLVIMENTO DA MEDICINA;UBS JARDIM GUAIRACÁ;NASF - NÚCLEO DE APOIO À SAÚDE DA FAMÍLIA;NOV 2020;ASSISTENTE SOCIAL;30;1;30;;1;;30;0
REDE ASSIST. D.A. V. PRUDENTE/S. LUCAS  DA STS V. PRUDENTE/SAPOPEMBA - TA-039/2020 A TA-041/2020;SPDM - ASSOCIAÇÃO PAULISTA PARA O DESENVOLVIMENTO DA MEDICINA;UBS JARDIM GUAIRACÁ;NASF - NÚCLEO DE APOIO À SAÚDE DA FAMÍLIA;NOV 2020;FISIOTERAPEUTA;20;2;40;;2;;40;0
REDE ASSIST. D.A. V. PRUDENTE/S. LUCAS  DA STS V. PRUDENTE/SAPOPEMBA - TA-039/2020 A TA-041/2020;SPDM - ASSOCIAÇÃO PAULISTA PARA O DESENVOLVIMENTO DA MEDICINA;UBS JARDIM GUAIRACÁ;NASF - NÚCLEO DE APOIO À SAÚDE DA FAMÍLIA;NOV 2020;FONOAUDIÓLOGO;40;1;40;;1;;40;0
REDE ASSIST. D.A. V. PRUDENTE/S. LUCAS  DA STS V. PRUDENTE/SAPOPEMBA - TA-039/2020 A TA-041/2020;SPDM - ASSOCIAÇÃO PAULISTA PARA O DESENVOLVIMENTO DA MEDICINA;UBS JARDIM GUAIRACÁ;NASF - NÚCLEO DE APOIO À SAÚDE DA FAMÍLIA;NOV 2020;NUTRICIONISTA;40;1;40;;1;;40;0
REDE ASSIST. D.A. V. PRUDENTE/S. LUCAS  DA STS V. PRUDENTE/SAPOPEMBA - TA-039/2020 A TA-041/2020;SPDM - ASSOCIAÇÃO PAULISTA PARA O DESENVOLVIMENTO DA MEDICINA;UBS JARDIM GUAIRACÁ;NASF - NÚCLEO DE APOIO À SAÚDE DA FAMÍLIA;NOV 2020;PSICÓLOGO;40;1;40;;1;;40;0
REDE ASSIST. D.A. V. PRUDENTE/S. LUCAS  DA STS V. PRUDENTE/SAPOPEMBA - TA-039/2020 A TA-041/2020;SPDM - ASSOCIAÇÃO PAULISTA PARA O DESENVOLVIMENTO DA MEDICINA;UBS JARDIM INDEPENDÊNCIA - HERMENEGILDO MORBIN JÚNIOR ;UBS - UNIDADE BÁSICA DE SAÚDE;NOV 2020;ASSISTENTE SOCIAL;30;1;30;;1;;30;0
REDE ASSIST. D.A. V. PRUDENTE/S. LUCAS  DA STS V. PRUDENTE/SAPOPEMBA - TA-039/2020 A TA-041/2020;SPDM - ASSOCIAÇÃO PAULISTA PARA O DESENVOLVIMENTO DA MEDICINA;UBS JARDIM INDEPENDÊNCIA - HERMENEGILDO MORBIN JÚNIOR ;UBS - UNIDADE BÁSICA DE SAÚDE;NOV 2020;AUXILIAR DE SAÚDE BUCAL;30;3;90;;3;;90;0
REDE ASSIST. D.A. V. PRUDENTE/S. LUCAS  DA STS V. PRUDENTE/SAPOPEMBA - TA-039/2020 A TA-041/2020;SPDM - ASSOCIAÇÃO PAULISTA PARA O DESENVOLVIMENTO DA MEDICINA;UBS JARDIM INDEPENDÊNCIA - HERMENEGILDO MORBIN JÚNIOR ;UBS - UNIDADE BÁSICA DE SAÚDE;NOV 2020;DENTISTA;20;2;40;1;1;;40;0
REDE ASSIST. D.A. V. PRUDENTE/S. LUCAS  DA STS V. PRUDENTE/SAPOPEMBA - TA-039/2020 A TA-041/2020;SPDM - ASSOCIAÇÃO PAULISTA PARA O DESENVOLVIMENTO DA MEDICINA;UBS JARDIM INDEPENDÊNCIA - HERMENEGILDO MORBIN JÚNIOR ;UBS - UNIDADE BÁSICA DE SAÚDE;NOV 2020;ENFERMEIRO;40;6;240;;6;;240;0
REDE ASSIST. D.A. V. PRUDENTE/S. LUCAS  DA STS V. PRUDENTE/SAPOPEMBA - TA-039/2020 A TA-041/2020;SPDM - ASSOCIAÇÃO PAULISTA PARA O DESENVOLVIMENTO DA MEDICINA;UBS JARDIM INDEPENDÊNCIA - HERMENEGILDO MORBIN JÚNIOR ;UBS - UNIDADE BÁSICA DE SAÚDE;NOV 2020;FARMACÊUTICO;40;1;40;;1;;40;0
REDE ASSIST. D.A. V. PRUDENTE/S. LUCAS  DA STS V. PRUDENTE/SAPOPEMBA - TA-039/2020 A TA-041/2020;SPDM - ASSOCIAÇÃO PAULISTA PARA O DESENVOLVIMENTO DA MEDICINA;UBS JARDIM INDEPENDÊNCIA - HERMENEGILDO MORBIN JÚNIOR ;UBS - UNIDADE BÁSICA DE SAÚDE;NOV 2020;FONOAUDIÓLOGO;40;1;40;1;;;40;0
REDE ASSIST. D.A. V. PRUDENTE/S. LUCAS  DA STS V. PRUDENTE/SAPOPEMBA - TA-039/2020 A TA-041/2020;SPDM - ASSOCIAÇÃO PAULISTA PARA O DESENVOLVIMENTO DA MEDICINA;UBS JARDIM INDEPENDÊNCIA - HERMENEGILDO MORBIN JÚNIOR ;UBS - UNIDADE BÁSICA DE SAÚDE;NOV 2020;MÉDICO CLÍNICO;20;5;100;;5;;100;0
REDE ASSIST. D.A. V. PRUDENTE/S. LUCAS  DA STS V. PRUDENTE/SAPOPEMBA - TA-039/2020 A TA-041/2020;SPDM - ASSOCIAÇÃO PAULISTA PARA O DESENVOLVIMENTO DA MEDICINA;UBS JARDIM INDEPENDÊNCIA - HERMENEGILDO MORBIN JÚNIOR ;UBS - UNIDADE BÁSICA DE SAÚDE;NOV 2020;MÉDICO CLÍNICO;12;5;60;;5;;60;0
REDE ASSIST. D.A. V. PRUDENTE/S. LUCAS  DA STS V. PRUDENTE/SAPOPEMBA - TA-039/2020 A TA-041/2020;SPDM - ASSOCIAÇÃO PAULISTA PARA O DESENVOLVIMENTO DA MEDICINA;UBS JARDIM INDEPENDÊNCIA - HERMENEGILDO MORBIN JÚNIOR ;UBS - UNIDADE BÁSICA DE SAÚDE;NOV 2020;MÉDICO GENERALISTA;12;2;24;;0;;0;-24
REDE ASSIST. D.A. V. PRUDENTE/S. LUCAS  DA STS V. PRUDENTE/SAPOPEMBA - TA-039/2020 A TA-041/2020;SPDM - ASSOCIAÇÃO PAULISTA PARA O DESENVOLVIMENTO DA MEDICINA;UBS JARDIM INDEPENDÊNCIA - HERMENEGILDO MORBIN JÚNIOR ;UBS - UNIDADE BÁSICA DE SAÚDE;NOV 2020;MÉDICO GINECOLOGISTA E OBSTETRA;20;2;40;;2;;40;0
REDE ASSIST. D.A. V. PRUDENTE/S. LUCAS  DA STS V. PRUDENTE/SAPOPEMBA - TA-039/2020 A TA-041/2020;SPDM - ASSOCIAÇÃO PAULISTA PARA O DESENVOLVIMENTO DA MEDICINA;UBS JARDIM INDEPENDÊNCIA - HERMENEGILDO MORBIN JÚNIOR ;UBS - UNIDADE BÁSICA DE SAÚDE;NOV 2020;MÉDICO PEDIATRA;36;;;;1;;36;36
REDE ASSIST. D.A. V. PRUDENTE/S. LUCAS  DA STS V. PRUDENTE/SAPOPEMBA - TA-039/2020 A TA-041/2020;SPDM - ASSOCIAÇÃO PAULISTA PARA O DESENVOLVIMENTO DA MEDICINA;UBS JARDIM INDEPENDÊNCIA - HERMENEGILDO MORBIN JÚNIOR ;UBS - UNIDADE BÁSICA DE SAÚDE;NOV 2020;MÉDICO PEDIATRA;12;1;12;;1;;12;0
REDE ASSIST. D.A. V. PRUDENTE/S. LUCAS  DA STS V. PRUDENTE/SAPOPEMBA - TA-039/2020 A TA-041/2020;SPDM - ASSOCIAÇÃO PAULISTA PARA O DESENVOLVIMENTO DA MEDICINA;UBS JARDIM INDEPENDÊNCIA - HERMENEGILDO MORBIN JÚNIOR ;UBS - UNIDADE BÁSICA DE SAÚDE;NOV 2020;MÉDICO PEDIATRA;20;2;40;;1;;20;-20
REDE ASSIST. D.A. V. PRUDENTE/S. LUCAS  DA STS V. PRUDENTE/SAPOPEMBA - TA-039/2020 A TA-041/2020;SPDM - ASSOCIAÇÃO PAULISTA PARA O DESENVOLVIMENTO DA MEDICINA;UBS JARDIM INDEPENDÊNCIA - HERMENEGILDO MORBIN JÚNIOR ;UBS - UNIDADE BÁSICA DE SAÚDE;NOV 2020;MÉDICO PSIQUIATRA;20;1;20;;0;;0;-20
REDE ASSIST. D.A. V. PRUDENTE/S. LUCAS  DA STS V. PRUDENTE/SAPOPEMBA - TA-039/2020 A TA-041/2020;SPDM - ASSOCIAÇÃO PAULISTA PARA O DESENVOLVIMENTO DA MEDICINA;UBS JARDIM INDEPENDÊNCIA - HERMENEGILDO MORBIN JÚNIOR ;UBS - UNIDADE BÁSICA DE SAÚDE;NOV 2020;PSICÓLOGO;40;1;40;;1;;40;0
REDE ASSIST. D.A. V. PRUDENTE/S. LUCAS  DA STS V. PRUDENTE/SAPOPEMBA - TA-039/2020 A TA-041/2020;SPDM - ASSOCIAÇÃO PAULISTA PARA O DESENVOLVIMENTO DA MEDICINA;UBS PARQUE SÃO LUCAS;ESF - ESTRATÉGIA SAÚDE DA FAMILIA;NOV 2020;AGENTE COMUNITÁRIO DE SAÚDE;40;40;1600;;40;;1600;0
REDE ASSIST. D.A. V. PRUDENTE/S. LUCAS  DA STS V. PRUDENTE/SAPOPEMBA - TA-039/2020 A TA-041/2020;SPDM - ASSOCIAÇÃO PAULISTA PARA O DESENVOLVIMENTO DA MEDICINA;UBS PARQUE SÃO LUCAS;ESF - ESTRATÉGIA SAÚDE DA FAMILIA;NOV 2020;AUXILIAR DE SAÚDE BUCAL;30;1;30;;1;;30;0
REDE ASSIST. D.A. V. PRUDENTE/S. LUCAS  DA STS V. PRUDENTE/SAPOPEMBA - TA-039/2020 A TA-041/2020;SPDM - ASSOCIAÇÃO PAULISTA PARA O DESENVOLVIMENTO DA MEDICINA;UBS PARQUE SÃO LUCAS;ESF - ESTRATÉGIA SAÚDE DA FAMILIA;NOV 2020;AUXILIAR DE SAÚDE BUCAL;40;2;80;;2;;80;0
REDE ASSIST. D.A. V. PRUDENTE/S. LUCAS  DA STS V. PRUDENTE/SAPOPEMBA - TA-039/2020 A TA-041/2020;SPDM - ASSOCIAÇÃO PAULISTA PARA O DESENVOLVIMENTO DA MEDICINA;UBS PARQUE SÃO LUCAS;ESF - ESTRATÉGIA SAÚDE DA FAMILIA;NOV 2020;DENTISTA;20;2;40;1;1;;40;0
REDE ASSIST. D.A. V. PRUDENTE/S. LUCAS  DA STS V. PRUDENTE/SAPOPEMBA - TA-039/2020 A TA-041/2020;SPDM - ASSOCIAÇÃO PAULISTA PARA O DESENVOLVIMENTO DA MEDICINA;UBS PARQUE SÃO LUCAS;ESF - ESTRATÉGIA SAÚDE DA FAMILIA;NOV 2020;DENTISTA;40;2;80;;2;;80;0
REDE ASSIST. D.A. V. PRUDENTE/S. LUCAS  DA STS V. PRUDENTE/SAPOPEMBA - TA-039/2020 A TA-041/2020;SPDM - ASSOCIAÇÃO PAULISTA PARA O DESENVOLVIMENTO DA MEDICINA;UBS PARQUE SÃO LUCAS;ESF - ESTRATÉGIA SAÚDE DA FAMILIA;NOV 2020;ENFERMEIRO;40;7;280;;7;;280;0
REDE ASSIST. D.A. V. PRUDENTE/S. LUCAS  DA STS V. PRUDENTE/SAPOPEMBA - TA-039/2020 A TA-041/2020;SPDM - ASSOCIAÇÃO PAULISTA PARA O DESENVOLVIMENTO DA MEDICINA;UBS PARQUE SÃO LUCAS;ESF - ESTRATÉGIA SAÚDE DA FAMILIA;NOV 2020;FARMACÊUTICO;40;1;40;;1;;40;0
REDE ASSIST. D.A. V. PRUDENTE/S. LUCAS  DA STS V. PRUDENTE/SAPOPEMBA - TA-039/2020 A TA-041/2020;SPDM - ASSOCIAÇÃO PAULISTA PARA O DESENVOLVIMENTO DA MEDICINA;UBS PARQUE SÃO LUCAS;ESF - ESTRATÉGIA SAÚDE DA FAMILIA;NOV 2020;MÉDICO GENERALISTA;20;;;;6;;120;120
REDE ASSIST. D.A. V. PRUDENTE/S. LUCAS  DA STS V. PRUDENTE/SAPOPEMBA - TA-039/2020 A TA-041/2020;SPDM - ASSOCIAÇÃO PAULISTA PARA O DESENVOLVIMENTO DA MEDICINA;UBS PARQUE SÃO LUCAS;ESF - ESTRATÉGIA SAÚDE DA FAMILIA;NOV 2020;MÉDICO GENERALISTA;40;6;240;;3;;120;-120
REDE ASSIST. D.A. V. PRUDENTE/S. LUCAS  DA STS V. PRUDENTE/SAPOPEMBA - TA-039/2020 A TA-041/2020;SPDM - ASSOCIAÇÃO PAULISTA PARA O DESENVOLVIMENTO DA MEDICINA;UBS PARQUE SÃO LUCAS;ESF - ESTRATÉGIA SAÚDE DA FAMILIA;NOV 2020;MÉDICO GENERALISTA;32;1;32;1;;;32;0
REDE ASSIST. D.A. V. PRUDENTE/S. LUCAS  DA STS V. PRUDENTE/SAPOPEMBA - TA-039/2020 A TA-041/2020;SPDM - ASSOCIAÇÃO PAULISTA PARA O DESENVOLVIMENTO DA MEDICINA;UBS PARQUE SÃO LUCAS;ESF - ESTRATÉGIA SAÚDE DA FAMILIA;NOV 2020;MÉDICO PSIQUIATRA;20;1;20;;1;;20;0
REDE ASSIST. D.A. V. PRUDENTE/S. LUCAS  DA STS V. PRUDENTE/SAPOPEMBA - TA-039/2020 A TA-041/2020;SPDM - ASSOCIAÇÃO PAULISTA PARA O DESENVOLVIMENTO DA MEDICINA;UBS PARQUE SÃO LUCAS;ESF - ESTRATÉGIA SAÚDE DA FAMILIA;NOV 2020;PSICÓLOGO;40;1;40;;1;;40;0
REDE ASSIST. D.A. V. PRUDENTE/S. LUCAS  DA STS V. PRUDENTE/SAPOPEMBA - TA-039/2020 A TA-041/2020;SPDM - ASSOCIAÇÃO PAULISTA PARA O DESENVOLVIMENTO DA MEDICINA;UBS PARQUE SÃO LUCAS;ESF - ESTRATÉGIA SAÚDE DA FAMILIA;NOV 2020;TÉCNICO DE SAÚDE BUCAL;40;2;80;;2;;80;0
REDE ASSIST. D.A. V. PRUDENTE/S. LUCAS  DA STS V. PRUDENTE/SAPOPEMBA - TA-039/2020 A TA-041/2020;SPDM - ASSOCIAÇÃO PAULISTA PARA O DESENVOLVIMENTO DA MEDICINA;UBS PARQUE SÃO LUCAS;NASF - NÚCLEO DE APOIO À SAÚDE DA FAMÍLIA;NOV 2020;ASSISTENTE SOCIAL;30;1;30;;1;;30;0
REDE ASSIST. D.A. V. PRUDENTE/S. LUCAS  DA STS V. PRUDENTE/SAPOPEMBA - TA-039/2020 A TA-041/2020;SPDM - ASSOCIAÇÃO PAULISTA PARA O DESENVOLVIMENTO DA MEDICINA;UBS PARQUE SÃO LUCAS;NASF - NÚCLEO DE APOIO À SAÚDE DA FAMÍLIA;NOV 2020;FISIOTERAPEUTA;20;2;40;;2;;40;0
REDE ASSIST. D.A. V. PRUDENTE/S. LUCAS  DA STS V. PRUDENTE/SAPOPEMBA - TA-039/2020 A TA-041/2020;SPDM - ASSOCIAÇÃO PAULISTA PARA O DESENVOLVIMENTO DA MEDICINA;UBS PARQUE SÃO LUCAS;NASF - NÚCLEO DE APOIO À SAÚDE DA FAMÍLIA;NOV 2020;FONOAUDIÓLOGO;40;1;40;;1;;40;0
REDE ASSIST. D.A. V. PRUDENTE/S. LUCAS  DA STS V. PRUDENTE/SAPOPEMBA - TA-039/2020 A TA-041/2020;SPDM - ASSOCIAÇÃO PAULISTA PARA O DESENVOLVIMENTO DA MEDICINA;UBS PARQUE SÃO LUCAS;NASF - NÚCLEO DE APOIO À SAÚDE DA FAMÍLIA;NOV 2020;NUTRICIONISTA;40;1;40;;1;;40;0
REDE ASSIST. D.A. V. PRUDENTE/S. LUCAS  DA STS V. PRUDENTE/SAPOPEMBA - TA-039/2020 A TA-041/2020;SPDM - ASSOCIAÇÃO PAULISTA PARA O DESENVOLVIMENTO DA MEDICINA;UBS PARQUE SÃO LUCAS;NASF - NÚCLEO DE APOIO À SAÚDE DA FAMÍLIA;NOV 2020;PSICÓLOGO;40;1;40;;0;;0;-40
REDE ASSIST. D.A. V. PRUDENTE/S. LUCAS  DA STS V. PRUDENTE/SAPOPEMBA - TA-039/2020 A TA-041/2020;SPDM - ASSOCIAÇÃO PAULISTA PARA O DESENVOLVIMENTO DA MEDICINA;UBS REUNIDAS I;ATENÇÃO DOMICILIAR - EMAD/EMAP;NOV 2020;ASSISTENTE SOCIAL;30;1;30;;1;;30;0
REDE ASSIST. D.A. V. PRUDENTE/S. LUCAS  DA STS V. PRUDENTE/SAPOPEMBA - TA-039/2020 A TA-041/2020;SPDM - ASSOCIAÇÃO PAULISTA PARA O DESENVOLVIMENTO DA MEDICINA;UBS REUNIDAS I;ATENÇÃO DOMICILIAR - EMAD/EMAP;NOV 2020;ENFERMEIRO;40;1;40;;1;;40;0
REDE ASSIST. D.A. V. PRUDENTE/S. LUCAS  DA STS V. PRUDENTE/SAPOPEMBA - TA-039/2020 A TA-041/2020;SPDM - ASSOCIAÇÃO PAULISTA PARA O DESENVOLVIMENTO DA MEDICINA;UBS REUNIDAS I;ATENÇÃO DOMICILIAR - EMAD/EMAP;NOV 2020;FISIOTERAPEUTA;30;1;30;;1;;30;0
REDE ASSIST. D.A. V. PRUDENTE/S. LUCAS  DA STS V. PRUDENTE/SAPOPEMBA - TA-039/2020 A TA-041/2020;SPDM - ASSOCIAÇÃO PAULISTA PARA O DESENVOLVIMENTO DA MEDICINA;UBS REUNIDAS I;ATENÇÃO DOMICILIAR - EMAD/EMAP;NOV 2020;MÉDICO CLÍNICO;40;1;40;;1;;40;0
REDE ASSIST. D.A. V. PRUDENTE/S. LUCAS  DA STS V. PRUDENTE/SAPOPEMBA - TA-039/2020 A TA-041/2020;SPDM - ASSOCIAÇÃO PAULISTA PARA O DESENVOLVIMENTO DA MEDICINA;UBS REUNIDAS I;ATENÇÃO DOMICILIAR - EMAD/EMAP;NOV 2020;TÉCNICO DE ENFERMAGEM;30;;;;1;;30;30
REDE ASSIST. D.A. V. PRUDENTE/S. LUCAS  DA STS V. PRUDENTE/SAPOPEMBA - TA-039/2020 A TA-041/2020;SPDM - ASSOCIAÇÃO PAULISTA PARA O DESENVOLVIMENTO DA MEDICINA;UBS REUNIDAS I;ATENÇÃO DOMICILIAR - EMAD/EMAP;NOV 2020;TÉCNICO DE ENFERMAGEM;40;4;160;;2;;80;-80
REDE ASSIST. D.A. V. PRUDENTE/S. LUCAS  DA STS V. PRUDENTE/SAPOPEMBA - TA-039/2020 A TA-041/2020;SPDM - ASSOCIAÇÃO PAULISTA PARA O DESENVOLVIMENTO DA MEDICINA;UBS REUNIDAS I;ESF - ESTRATÉGIA SAÚDE DA FAMILIA;NOV 2020;AGENTE COMUNITÁRIO DE SAÚDE;40;48;1920;;47;;1880;-40
REDE ASSIST. D.A. V. PRUDENTE/S. LUCAS  DA STS V. PRUDENTE/SAPOPEMBA - TA-039/2020 A TA-041/2020;SPDM - ASSOCIAÇÃO PAULISTA PARA O DESENVOLVIMENTO DA MEDICINA;UBS REUNIDAS I;ESF - ESTRATÉGIA SAÚDE DA FAMILIA;NOV 2020;AUXILIAR DE SAÚDE BUCAL;40;3;120;;3;;120;0
REDE ASSIST. D.A. V. PRUDENTE/S. LUCAS  DA STS V. PRUDENTE/SAPOPEMBA - TA-039/2020 A TA-041/2020;SPDM - ASSOCIAÇÃO PAULISTA PARA O DESENVOLVIMENTO DA MEDICINA;UBS REUNIDAS I;ESF - ESTRATÉGIA SAÚDE DA FAMILIA;NOV 2020;DENTISTA;40;3;120;;3;;120;0
REDE ASSIST. D.A. V. PRUDENTE/S. LUCAS  DA STS V. PRUDENTE/SAPOPEMBA - TA-039/2020 A TA-041/2020;SPDM - ASSOCIAÇÃO PAULISTA PARA O DESENVOLVIMENTO DA MEDICINA;UBS REUNIDAS I;ESF - ESTRATÉGIA SAÚDE DA FAMILIA;NOV 2020;ENFERMEIRO;40;8;320;;8;;320;0
REDE ASSIST. D.A. V. PRUDENTE/S. LUCAS  DA STS V. PRUDENTE/SAPOPEMBA - TA-039/2020 A TA-041/2020;SPDM - ASSOCIAÇÃO PAULISTA PARA O DESENVOLVIMENTO DA MEDICINA;UBS REUNIDAS I;ESF - ESTRATÉGIA SAÚDE DA FAMILIA;NOV 2020;FARMACÊUTICO;40;1;40;;1;;40;0
REDE ASSIST. D.A. V. PRUDENTE/S. LUCAS  DA STS V. PRUDENTE/SAPOPEMBA - TA-039/2020 A TA-041/2020;SPDM - ASSOCIAÇÃO PAULISTA PARA O DESENVOLVIMENTO DA MEDICINA;UBS REUNIDAS I;ESF - ESTRATÉGIA SAÚDE DA FAMILIA;NOV 2020;MÉDICO GENERALISTA;20;;;;6;;120;120
REDE ASSIST. D.A. V. PRUDENTE/S. LUCAS  DA STS V. PRUDENTE/SAPOPEMBA - TA-039/2020 A TA-041/2020;SPDM - ASSOCIAÇÃO PAULISTA PARA O DESENVOLVIMENTO DA MEDICINA;UBS REUNIDAS I;ESF - ESTRATÉGIA SAÚDE DA FAMILIA;NOV 2020;MÉDICO GENERALISTA;32;1;32;1;;;32;0
REDE ASSIST. D.A. V. PRUDENTE/S. LUCAS  DA STS V. PRUDENTE/SAPOPEMBA - TA-039/2020 A TA-041/2020;SPDM - ASSOCIAÇÃO PAULISTA PARA O DESENVOLVIMENTO DA MEDICINA;UBS REUNIDAS I;ESF - ESTRATÉGIA SAÚDE DA FAMILIA;NOV 2020;MÉDICO GENERALISTA;40;7;280;;4;;160;-120
REDE ASSIST. D.A. V. PRUDENTE/S. LUCAS  DA STS V. PRUDENTE/SAPOPEMBA - TA-039/2020 A TA-041/2020;SPDM - ASSOCIAÇÃO PAULISTA PARA O DESENVOLVIMENTO DA MEDICINA;UBS REUNIDAS I;ESF - ESTRATÉGIA SAÚDE DA FAMILIA;NOV 2020;MÉDICO PSIQUIATRA;20;1;20;;1;;20;0
REDE ASSIST. D.A. V. PRUDENTE/S. LUCAS  DA STS V. PRUDENTE/SAPOPEMBA - TA-039/2020 A TA-041/2020;SPDM - ASSOCIAÇÃO PAULISTA PARA O DESENVOLVIMENTO DA MEDICINA;UBS REUNIDAS I;ESF - ESTRATÉGIA SAÚDE DA FAMILIA;NOV 2020;PSICÓLOGO;40;1;40;;0;;0;-40
REDE ASSIST. D.A. V. PRUDENTE/S. LUCAS  DA STS V. PRUDENTE/SAPOPEMBA - TA-039/2020 A TA-041/2020;SPDM - ASSOCIAÇÃO PAULISTA PARA O DESENVOLVIMENTO DA MEDICINA;UBS REUNIDAS I;ESF - ESTRATÉGIA SAÚDE DA FAMILIA;NOV 2020;TÉCNICO DE SAÚDE BUCAL;40;2;80;;2;;80;0
REDE ASSIST. D.A. V. PRUDENTE/S. LUCAS  DA STS V. PRUDENTE/SAPOPEMBA - TA-039/2020 A TA-041/2020;SPDM - ASSOCIAÇÃO PAULISTA PARA O DESENVOLVIMENTO DA MEDICINA;UBS REUNIDAS I;NASF - NÚCLEO DE APOIO À SAÚDE DA FAMÍLIA;NOV 2020;ASSISTENTE SOCIAL;30;1;30;;1;;30;0
REDE ASSIST. D.A. V. PRUDENTE/S. LUCAS  DA STS V. PRUDENTE/SAPOPEMBA - TA-039/2020 A TA-041/2020;SPDM - ASSOCIAÇÃO PAULISTA PARA O DESENVOLVIMENTO DA MEDICINA;UBS REUNIDAS I;NASF - NÚCLEO DE APOIO À SAÚDE DA FAMÍLIA;NOV 2020;FISIOTERAPEUTA;20;2;40;;2;;40;0
REDE ASSIST. D.A. V. PRUDENTE/S. LUCAS  DA STS V. PRUDENTE/SAPOPEMBA - TA-039/2020 A TA-041/2020;SPDM - ASSOCIAÇÃO PAULISTA PARA O DESENVOLVIMENTO DA MEDICINA;UBS REUNIDAS I;NASF - NÚCLEO DE APOIO À SAÚDE DA FAMÍLIA;NOV 2020;FONOAUDIÓLOGO;40;1;40;;1;;40;0
REDE ASSIST. D.A. V. PRUDENTE/S. LUCAS  DA STS V. PRUDENTE/SAPOPEMBA - TA-039/2020 A TA-041/2020;SPDM - ASSOCIAÇÃO PAULISTA PARA O DESENVOLVIMENTO DA MEDICINA;UBS REUNIDAS I;NASF - NÚCLEO DE APOIO À SAÚDE DA FAMÍLIA;NOV 2020;NUTRICIONISTA;40;1;40;;1;;40;0
REDE ASSIST. D.A. V. PRUDENTE/S. LUCAS  DA STS V. PRUDENTE/SAPOPEMBA - TA-039/2020 A TA-041/2020;SPDM - ASSOCIAÇÃO PAULISTA PARA O DESENVOLVIMENTO DA MEDICINA;UBS REUNIDAS I;NASF - NÚCLEO DE APOIO À SAÚDE DA FAMÍLIA;NOV 2020;PSICÓLOGO;40;1;40;;1;;40;0
REDE ASSIST. D.A. V. PRUDENTE/S. LUCAS  DA STS V. PRUDENTE/SAPOPEMBA - TA-039/2020 A TA-041/2020;SPDM - ASSOCIAÇÃO PAULISTA PARA O DESENVOLVIMENTO DA MEDICINA;UBS VILA EMA;ESF - ESTRATÉGIA SAÚDE DA FAMILIA;NOV 2020;AGENTE COMUNITÁRIO DE SAÚDE;40;32;1280;;32;;1280;0
REDE ASSIST. D.A. V. PRUDENTE/S. LUCAS  DA STS V. PRUDENTE/SAPOPEMBA - TA-039/2020 A TA-041/2020;SPDM - ASSOCIAÇÃO PAULISTA PARA O DESENVOLVIMENTO DA MEDICINA;UBS VILA EMA;ESF - ESTRATÉGIA SAÚDE DA FAMILIA;NOV 2020;AUXILIAR DE SAÚDE BUCAL;40;3;120;;2;;80;-40
REDE ASSIST. D.A. V. PRUDENTE/S. LUCAS  DA STS V. PRUDENTE/SAPOPEMBA - TA-039/2020 A TA-041/2020;SPDM - ASSOCIAÇÃO PAULISTA PARA O DESENVOLVIMENTO DA MEDICINA;UBS VILA EMA;ESF - ESTRATÉGIA SAÚDE DA FAMILIA;NOV 2020;DENTISTA;40;3;120;;3;;120;0
REDE ASSIST. D.A. V. PRUDENTE/S. LUCAS  DA STS V. PRUDENTE/SAPOPEMBA - TA-039/2020 A TA-041/2020;SPDM - ASSOCIAÇÃO PAULISTA PARA O DESENVOLVIMENTO DA MEDICINA;UBS VILA EMA;ESF - ESTRATÉGIA SAÚDE DA FAMILIA;NOV 2020;ENFERMEIRO;40;6;240;;6;;240;0
REDE ASSIST. D.A. V. PRUDENTE/S. LUCAS  DA STS V. PRUDENTE/SAPOPEMBA - TA-039/2020 A TA-041/2020;SPDM - ASSOCIAÇÃO PAULISTA PARA O DESENVOLVIMENTO DA MEDICINA;UBS VILA EMA;ESF - ESTRATÉGIA SAÚDE DA FAMILIA;NOV 2020;FARMACÊUTICO;40;1;40;;1;;40;0
REDE ASSIST. D.A. V. PRUDENTE/S. LUCAS  DA STS V. PRUDENTE/SAPOPEMBA - TA-039/2020 A TA-041/2020;SPDM - ASSOCIAÇÃO PAULISTA PARA O DESENVOLVIMENTO DA MEDICINA;UBS VILA EMA;ESF - ESTRATÉGIA SAÚDE DA FAMILIA;NOV 2020;MÉDICO GENERALISTA;40;6;240;;3;;120;-120
REDE ASSIST. D.A. V. PRUDENTE/S. LUCAS  DA STS V. PRUDENTE/SAPOPEMBA - TA-039/2020 A TA-041/2020;SPDM - ASSOCIAÇÃO PAULISTA PARA O DESENVOLVIMENTO DA MEDICINA;UBS VILA EMA;ESF - ESTRATÉGIA SAÚDE DA FAMILIA;NOV 2020;MÉDICO GENERALISTA;20;;;;6;;120;120
REDE ASSIST. D.A. V. PRUDENTE/S. LUCAS  DA STS V. PRUDENTE/SAPOPEMBA - TA-039/2020 A TA-041/2020;SPDM - ASSOCIAÇÃO PAULISTA PARA O DESENVOLVIMENTO DA MEDICINA;UBS VILA EMA;ESF - ESTRATÉGIA SAÚDE DA FAMILIA;NOV 2020;TÉCNICO DE SAÚDE BUCAL;40;2;80;;2;;80;0
REDE ASSIST. D.A. V. PRUDENTE/S. LUCAS  DA STS V. PRUDENTE/SAPOPEMBA - TA-039/2020 A TA-041/2020;SPDM - ASSOCIAÇÃO PAULISTA PARA O DESENVOLVIMENTO DA MEDICINA;UBS VILA EMA;NASF - NÚCLEO DE APOIO À SAÚDE DA FAMÍLIA;NOV 2020;ASSISTENTE SOCIAL;30;1;30;;1;;30;0
REDE ASSIST. D.A. V. PRUDENTE/S. LUCAS  DA STS V. PRUDENTE/SAPOPEMBA - TA-039/2020 A TA-041/2020;SPDM - ASSOCIAÇÃO PAULISTA PARA O DESENVOLVIMENTO DA MEDICINA;UBS VILA EMA;NASF - NÚCLEO DE APOIO À SAÚDE DA FAMÍLIA;NOV 2020;EDUCADOR FISICO;40;1;40;;1;;40;0
REDE ASSIST. D.A. V. PRUDENTE/S. LUCAS  DA STS V. PRUDENTE/SAPOPEMBA - TA-039/2020 A TA-041/2020;SPDM - ASSOCIAÇÃO PAULISTA PARA O DESENVOLVIMENTO DA MEDICINA;UBS VILA EMA;NASF - NÚCLEO DE APOIO À SAÚDE DA FAMÍLIA;NOV 2020;FISIOTERAPEUTA;20;2;40;;2;;40;0
REDE ASSIST. D.A. V. PRUDENTE/S. LUCAS  DA STS V. PRUDENTE/SAPOPEMBA - TA-039/2020 A TA-041/2020;SPDM - ASSOCIAÇÃO PAULISTA PARA O DESENVOLVIMENTO DA MEDICINA;UBS VILA EMA;NASF - NÚCLEO DE APOIO À SAÚDE DA FAMÍLIA;NOV 2020;MÉDICO GINECOLOGISTA E OBSTETRA;20;1;20;;1;;20;0
REDE ASSIST. D.A. V. PRUDENTE/S. LUCAS  DA STS V. PRUDENTE/SAPOPEMBA - TA-039/2020 A TA-041/2020;SPDM - ASSOCIAÇÃO PAULISTA PARA O DESENVOLVIMENTO DA MEDICINA;UBS VILA EMA;NASF - NÚCLEO DE APOIO À SAÚDE DA FAMÍLIA;NOV 2020;NUTRICIONISTA;40;1;40;;0;;0;-40
REDE ASSIST. D.A. V. PRUDENTE/S. LUCAS  DA STS V. PRUDENTE/SAPOPEMBA - TA-039/2020 A TA-041/2020;SPDM - ASSOCIAÇÃO PAULISTA PARA O DESENVOLVIMENTO DA MEDICINA;UBS VILA EMA;NASF - NÚCLEO DE APOIO À SAÚDE DA FAMÍLIA;NOV 2020;PSICÓLOGO;40;1;40;;1;;40;0
REDE ASSIST. D.A. V. PRUDENTE/S. LUCAS  DA STS V. PRUDENTE/SAPOPEMBA - TA-039/2020 A TA-041/2020;SPDM - ASSOCIAÇÃO PAULISTA PARA O DESENVOLVIMENTO DA MEDICINA;UBS VILA EMA;PAI  - PROGRAMA DE ACOMPANHANTE DE IDOSO;NOV 2020;ACOMPANHANTE DE IDOSO;40;10;400;;10;;400;0
REDE ASSIST. D.A. V. PRUDENTE/S. LUCAS  DA STS V. PRUDENTE/SAPOPEMBA - TA-039/2020 A TA-041/2020;SPDM - ASSOCIAÇÃO PAULISTA PARA O DESENVOLVIMENTO DA MEDICINA;UBS VILA EMA;PAI  - PROGRAMA DE ACOMPANHANTE DE IDOSO;NOV 2020;AUXILIAR DE ENFERMAGEM;40;2;80;;2;;80;0
REDE ASSIST. D.A. V. PRUDENTE/S. LUCAS  DA STS V. PRUDENTE/SAPOPEMBA - TA-039/2020 A TA-041/2020;SPDM - ASSOCIAÇÃO PAULISTA PARA O DESENVOLVIMENTO DA MEDICINA;UBS VILA EMA;PAI  - PROGRAMA DE ACOMPANHANTE DE IDOSO;NOV 2020;ENFERMEIRO;40;1;40;;1;;40;0
REDE ASSIST. D.A. V. PRUDENTE/S. LUCAS  DA STS V. PRUDENTE/SAPOPEMBA - TA-039/2020 A TA-041/2020;SPDM - ASSOCIAÇÃO PAULISTA PARA O DESENVOLVIMENTO DA MEDICINA;UBS VILA EMA;PAI  - PROGRAMA DE ACOMPANHANTE DE IDOSO;NOV 2020;MÉDICO GERIATRA;20;1;20;;1;;20;0
REDE ASSIST. D.A. V. PRUDENTE/S. LUCAS  DA STS V. PRUDENTE/SAPOPEMBA - TA-039/2020 A TA-041/2020;SPDM - ASSOCIAÇÃO PAULISTA PARA O DESENVOLVIMENTO DA MEDICINA;UBS VILA EMA;PAI  - PROGRAMA DE ACOMPANHANTE DE IDOSO;NOV 2020;SUPERVISOR DE EQUIPE;40;1;40;;1;;40;0
REDE ASSIST. D.A. V. PRUDENTE/S. LUCAS  DA STS V. PRUDENTE/SAPOPEMBA - TA-039/2020 A TA-041/2020;SPDM - ASSOCIAÇÃO PAULISTA PARA O DESENVOLVIMENTO DA MEDICINA;UBS VILA HELOÍSA;UBS - UNIDADE BÁSICA DE SAÚDE;NOV 2020;ASSISTENTE SOCIAL;30;2;60;2;;;60;0
REDE ASSIST. D.A. V. PRUDENTE/S. LUCAS  DA STS V. PRUDENTE/SAPOPEMBA - TA-039/2020 A TA-041/2020;SPDM - ASSOCIAÇÃO PAULISTA PARA O DESENVOLVIMENTO DA MEDICINA;UBS VILA HELOÍSA;UBS - UNIDADE BÁSICA DE SAÚDE;NOV 2020;ENFERMEIRO;40;3;120;;3;;120;0
REDE ASSIST. D.A. V. PRUDENTE/S. LUCAS  DA STS V. PRUDENTE/SAPOPEMBA - TA-039/2020 A TA-041/2020;SPDM - ASSOCIAÇÃO PAULISTA PARA O DESENVOLVIMENTO DA MEDICINA;UBS VILA HELOÍSA;UBS - UNIDADE BÁSICA DE SAÚDE;NOV 2020;ENFERMEIRO;30;1;30;1;;;30;0
REDE ASSIST. D.A. V. PRUDENTE/S. LUCAS  DA STS V. PRUDENTE/SAPOPEMBA - TA-039/2020 A TA-041/2020;SPDM - ASSOCIAÇÃO PAULISTA PARA O DESENVOLVIMENTO DA MEDICINA;UBS VILA HELOÍSA;UBS - UNIDADE BÁSICA DE SAÚDE;NOV 2020;FARMACÊUTICO;40;1;40;;1;;40;0
REDE ASSIST. D.A. V. PRUDENTE/S. LUCAS  DA STS V. PRUDENTE/SAPOPEMBA - TA-039/2020 A TA-041/2020;SPDM - ASSOCIAÇÃO PAULISTA PARA O DESENVOLVIMENTO DA MEDICINA;UBS VILA HELOÍSA;UBS - UNIDADE BÁSICA DE SAÚDE;NOV 2020;MÉDICO CLÍNICO;20;2;40;2;;;40;0
REDE ASSIST. D.A. V. PRUDENTE/S. LUCAS  DA STS V. PRUDENTE/SAPOPEMBA - TA-039/2020 A TA-041/2020;SPDM - ASSOCIAÇÃO PAULISTA PARA O DESENVOLVIMENTO DA MEDICINA;UBS VILA HELOÍSA;UBS - UNIDADE BÁSICA DE SAÚDE;NOV 2020;MÉDICO GENERALISTA;32;1;32;1;;;32;0
REDE ASSIST. D.A. V. PRUDENTE/S. LUCAS  DA STS V. PRUDENTE/SAPOPEMBA - TA-039/2020 A TA-041/2020;SPDM - ASSOCIAÇÃO PAULISTA PARA O DESENVOLVIMENTO DA MEDICINA;UBS VILA HELOÍSA;UBS - UNIDADE BÁSICA DE SAÚDE;NOV 2020;MÉDICO GINECOLOGISTA E OBSTETRA;20;3;60;3;;;60;0
REDE ASSIST. D.A. V. PRUDENTE/S. LUCAS  DA STS V. PRUDENTE/SAPOPEMBA - TA-039/2020 A TA-041/2020;SPDM - ASSOCIAÇÃO PAULISTA PARA O DESENVOLVIMENTO DA MEDICINA;UBS VILA HELOÍSA;UBS - UNIDADE BÁSICA DE SAÚDE;NOV 2020;MÉDICO PEDIATRA;20;2;40;2;;;40;0
REDE ASSIST. D.A. V. PRUDENTE/S. LUCAS  DA STS V. PRUDENTE/SAPOPEMBA - TA-039/2020 A TA-041/2020;SPDM - ASSOCIAÇÃO PAULISTA PARA O DESENVOLVIMENTO DA MEDICINA;UBS VILA HELOÍSA;UBS - UNIDADE BÁSICA DE SAÚDE;NOV 2020;PSICÓLOGO;40;1;40;1;;;40;0
REDE ASSIST. D.A. V. PRUDENTE/S. LUCAS  DA STS V. PRUDENTE/SAPOPEMBA - TA-039/2020 A TA-041/2020;SPDM - ASSOCIAÇÃO PAULISTA PARA O DESENVOLVIMENTO DA MEDICINA;UBS VILA PRUDENTE;ATENÇÃO DOMICILIAR - EMAD/EMAP;NOV 2020;ASSISTENTE SOCIAL;30;1;30;;0;;0;-30
REDE ASSIST. D.A. V. PRUDENTE/S. LUCAS  DA STS V. PRUDENTE/SAPOPEMBA - TA-039/2020 A TA-041/2020;SPDM - ASSOCIAÇÃO PAULISTA PARA O DESENVOLVIMENTO DA MEDICINA;UBS VILA PRUDENTE;ATENÇÃO DOMICILIAR - EMAD/EMAP;NOV 2020;AUXILIAR DE ENFERMAGEM;30;2;60;2;;;60;0
REDE ASSIST. D.A. V. PRUDENTE/S. LUCAS  DA STS V. PRUDENTE/SAPOPEMBA - TA-039/2020 A TA-041/2020;SPDM - ASSOCIAÇÃO PAULISTA PARA O DESENVOLVIMENTO DA MEDICINA;UBS VILA PRUDENTE;ATENÇÃO DOMICILIAR - EMAD/EMAP;NOV 2020;ENFERMEIRO;40;1;40;;1;;40;0
REDE ASSIST. D.A. V. PRUDENTE/S. LUCAS  DA STS V. PRUDENTE/SAPOPEMBA - TA-039/2020 A TA-041/2020;SPDM - ASSOCIAÇÃO PAULISTA PARA O DESENVOLVIMENTO DA MEDICINA;UBS VILA PRUDENTE;ATENÇÃO DOMICILIAR - EMAD/EMAP;NOV 2020;ENFERMEIRO;30;1;30;1;;;30;0
REDE ASSIST. D.A. V. PRUDENTE/S. LUCAS  DA STS V. PRUDENTE/SAPOPEMBA - TA-039/2020 A TA-041/2020;SPDM - ASSOCIAÇÃO PAULISTA PARA O DESENVOLVIMENTO DA MEDICINA;UBS VILA PRUDENTE;ATENÇÃO DOMICILIAR - EMAD/EMAP;NOV 2020;FISIOTERAPEUTA;40;1;40;1;;;40;0
REDE ASSIST. D.A. V. PRUDENTE/S. LUCAS  DA STS V. PRUDENTE/SAPOPEMBA - TA-039/2020 A TA-041/2020;SPDM - ASSOCIAÇÃO PAULISTA PARA O DESENVOLVIMENTO DA MEDICINA;UBS VILA PRUDENTE;ATENÇÃO DOMICILIAR - EMAD/EMAP;NOV 2020;FONOAUDIÓLOGO;30;;;1;;;30;30
REDE ASSIST. D.A. V. PRUDENTE/S. LUCAS  DA STS V. PRUDENTE/SAPOPEMBA - TA-039/2020 A TA-041/2020;SPDM - ASSOCIAÇÃO PAULISTA PARA O DESENVOLVIMENTO DA MEDICINA;UBS VILA PRUDENTE;ATENÇÃO DOMICILIAR - EMAD/EMAP;NOV 2020;FONOAUDIÓLOGO;40;1;40;;;;;-40
REDE ASSIST. D.A. V. PRUDENTE/S. LUCAS  DA STS V. PRUDENTE/SAPOPEMBA - TA-039/2020 A TA-041/2020;SPDM - ASSOCIAÇÃO PAULISTA PARA O DESENVOLVIMENTO DA MEDICINA;UBS VILA PRUDENTE;ATENÇÃO DOMICILIAR - EMAD/EMAP;NOV 2020;MÉDICO CLÍNICO;40;1;40;;0;;0;-40
REDE ASSIST. D.A. V. PRUDENTE/S. LUCAS  DA STS V. PRUDENTE/SAPOPEMBA - TA-039/2020 A TA-041/2020;SPDM - ASSOCIAÇÃO PAULISTA PARA O DESENVOLVIMENTO DA MEDICINA;UBS VILA PRUDENTE;ATENÇÃO DOMICILIAR - EMAD/EMAP;NOV 2020;NUTRICIONISTA;40;1;40;;1;;40;0
REDE ASSIST. D.A. V. PRUDENTE/S. LUCAS  DA STS V. PRUDENTE/SAPOPEMBA - TA-039/2020 A TA-041/2020;SPDM - ASSOCIAÇÃO PAULISTA PARA O DESENVOLVIMENTO DA MEDICINA;UBS VILA PRUDENTE;ATENÇÃO DOMICILIAR - EMAD/EMAP;NOV 2020;TÉCNICO DE ENFERMAGEM;40;2;80;;2;;80;0
REDE ASSIST. D.A. V. PRUDENTE/S. LUCAS  DA STS V. PRUDENTE/SAPOPEMBA - TA-039/2020 A TA-041/2020;SPDM - ASSOCIAÇÃO PAULISTA PARA O DESENVOLVIMENTO DA MEDICINA;UBS VILA PRUDENTE;UBS MISTA;NOV 2020;AGENTE COMUNITÁRIO DE SAÚDE;40;24;960;;24;;960;0
REDE ASSIST. D.A. V. PRUDENTE/S. LUCAS  DA STS V. PRUDENTE/SAPOPEMBA - TA-039/2020 A TA-041/2020;SPDM - ASSOCIAÇÃO PAULISTA PARA O DESENVOLVIMENTO DA MEDICINA;UBS VILA PRUDENTE;UBS MISTA;NOV 2020;ASSISTENTE SOCIAL;30;1;30;;1;;30;0
REDE ASSIST. D.A. V. PRUDENTE/S. LUCAS  DA STS V. PRUDENTE/SAPOPEMBA - TA-039/2020 A TA-041/2020;SPDM - ASSOCIAÇÃO PAULISTA PARA O DESENVOLVIMENTO DA MEDICINA;UBS VILA PRUDENTE;UBS MISTA;NOV 2020;AUXILIAR DE SAÚDE BUCAL;40;2;80;;2;;80;0
REDE ASSIST. D.A. V. PRUDENTE/S. LUCAS  DA STS V. PRUDENTE/SAPOPEMBA - TA-039/2020 A TA-041/2020;SPDM - ASSOCIAÇÃO PAULISTA PARA O DESENVOLVIMENTO DA MEDICINA;UBS VILA PRUDENTE;UBS MISTA;NOV 2020;DENTISTA;40;1;40;;1;;40;0
REDE ASSIST. D.A. V. PRUDENTE/S. LUCAS  DA STS V. PRUDENTE/SAPOPEMBA - TA-039/2020 A TA-041/2020;SPDM - ASSOCIAÇÃO PAULISTA PARA O DESENVOLVIMENTO DA MEDICINA;UBS VILA PRUDENTE;UBS MISTA;NOV 2020;DENTISTA;20;3;60;2;1;;60;0
REDE ASSIST. D.A. V. PRUDENTE/S. LUCAS  DA STS V. PRUDENTE/SAPOPEMBA - TA-039/2020 A TA-041/2020;SPDM - ASSOCIAÇÃO PAULISTA PARA O DESENVOLVIMENTO DA MEDICINA;UBS VILA PRUDENTE;UBS MISTA;NOV 2020;ENFERMEIRO;40;8;320;;8;;320;0
REDE ASSIST. D.A. V. PRUDENTE/S. LUCAS  DA STS V. PRUDENTE/SAPOPEMBA - TA-039/2020 A TA-041/2020;SPDM - ASSOCIAÇÃO PAULISTA PARA O DESENVOLVIMENTO DA MEDICINA;UBS VILA PRUDENTE;UBS MISTA;NOV 2020;MÉDICO CLÍNICO;20;3;60;1;2;;60;0
REDE ASSIST. D.A. V. PRUDENTE/S. LUCAS  DA STS V. PRUDENTE/SAPOPEMBA - TA-039/2020 A TA-041/2020;SPDM - ASSOCIAÇÃO PAULISTA PARA O DESENVOLVIMENTO DA MEDICINA;UBS VILA PRUDENTE;UBS MISTA;NOV 2020;MÉDICO GENERALISTA;32;1;32;1;;;32;0
REDE ASSIST. D.A. V. PRUDENTE/S. LUCAS  DA STS V. PRUDENTE/SAPOPEMBA - TA-039/2020 A TA-041/2020;SPDM - ASSOCIAÇÃO PAULISTA PARA O DESENVOLVIMENTO DA MEDICINA;UBS VILA PRUDENTE;UBS MISTA;NOV 2020;MÉDICO GENERALISTA;40;4;160;;4;;160;0
REDE ASSIST. D.A. V. PRUDENTE/S. LUCAS  DA STS V. PRUDENTE/SAPOPEMBA - TA-039/2020 A TA-041/2020;SPDM - ASSOCIAÇÃO PAULISTA PARA O DESENVOLVIMENTO DA MEDICINA;UBS VILA PRUDENTE;UBS MISTA;NOV 2020;MÉDICO GINECOLOGISTA E OBSTETRA;20;2;40;2;;;40;0
REDE ASSIST. D.A. V. PRUDENTE/S. LUCAS  DA STS V. PRUDENTE/SAPOPEMBA - TA-039/2020 A TA-041/2020;SPDM - ASSOCIAÇÃO PAULISTA PARA O DESENVOLVIMENTO DA MEDICINA;UBS VILA PRUDENTE;UBS MISTA;NOV 2020;MÉDICO PEDIATRA;20;3;60;1;2;;60;0
REDE ASSIST. D.A. V. PRUDENTE/S. LUCAS  DA STS V. PRUDENTE/SAPOPEMBA - TA-039/2020 A TA-041/2020;SPDM - ASSOCIAÇÃO PAULISTA PARA O DESENVOLVIMENTO DA MEDICINA;UBS VILA PRUDENTE;UBS MISTA;NOV 2020;TÉCNICO DE SAÚDE BUCAL;40;1;40;;1;;40;0
